filename,width,height,class,xmin,ymin,xmax,ymax
20__131.jpg,1280,720,20_,772,380,1170,590
200_20.jpg,1280,720,200,653,239,944,400
50_118.jpg,1280,720,50,779,309,950,457
100_98.jpg,1280,720,100,689,223,954,458
200__94.jpg,1280,720,200_,743,291,1179,590
500__33.jpg,1280,720,500_,580,198,990,349
500__27.jpg,1280,720,500_,712,116,942,340
200__80.jpg,1280,720,200_,688,336,1211,679
50__11.jpg,1280,720,50_,453,231,932,465
20__125.jpg,1280,720,20_,827,319,977,444
200_34.jpg,1280,720,200,473,290,917,508
50__39.jpg,1280,720,50_,587,312,910,453
50_124.jpg,1280,720,50,812,318,987,470
500_112.jpg,1280,720,500,184,105,1130,522
500_106.jpg,1280,720,500,459,180,960,402
20__119.jpg,1280,720,20_,579,231,792,431
50_130.jpg,1280,720,50,741,340,927,459
10_6.jpg,1280,720,10,431,203,820,414
200__57.jpg,1280,720,200_,734,262,1189,422
200__43.jpg,1280,720,200_,973,171,1167,404
50__141.jpg,1280,720,50_,480,297,796,480
1000_37.jpg,1280,720,1000,664,135,1078,298
100_67.jpg,1280,720,100,570,110,870,345
200_176.jpg,1280,720,200,709,307,879,406
1000_23.jpg,1280,720,1000,833,50,981,252
100_73.jpg,1280,720,100,676,209,824,314
200_162.jpg,1280,720,200,715,362,857,493
10__105.jpg,1280,720,10_,701,142,872,298
20__48.jpg,1280,720,20_,822,301,974,440
500_79.jpg,1280,720,500,697,148,926,343
10__111.jpg,1280,720,10_,788,206,952,300
500_51.jpg,1280,720,500,675,51,890,379
10__139.jpg,1280,720,10_,557,258,828,379
20__74.jpg,1280,720,20_,725,268,1045,431
100__88.jpg,1280,720,100_,592,253,825,468
500_45.jpg,1280,720,500,604,239,935,394
20__60.jpg,1280,720,20_,723,391,1028,476
100__63.jpg,1280,720,100_,440,245,673,500
10__33.jpg,1280,720,10_,638,148,931,319
100__77.jpg,1280,720,100_,581,233,754,378
10__27.jpg,1280,720,10_,606,114,833,279
1000_5.jpg,1280,720,1000,534,197,940,363
10_16.jpg,1280,720,10,586,162,882,343
50__1.jpg,1280,720,50_,545,293,740,408
500_92.jpg,1280,720,500,695,251,1030,492
10_112.jpg,1280,720,10,634,326,778,530
10_106.jpg,1280,720,10,686,240,833,374
500_86.jpg,1280,720,500,545,161,825,333
20_76.jpg,1280,720,20,736,360,1031,664
200__3.jpg,1280,720,200_,596,237,911,424
20_62.jpg,1280,720,20,595,379,900,530
1000__96.jpg,1280,720,1000_,681,192,968,399
1000__82.jpg,1280,720,1000_,821,190,1029,397
1000__69.jpg,1280,720,1000_,625,165,834,325
20_89.jpg,1280,720,20,778,241,989,375
1000__55.jpg,1280,720,1000_,542,128,727,465
1000__41.jpg,1280,720,1000_,690,273,1093,487
200__115.jpg,1280,720,200_,578,379,923,525
50_36.jpg,1280,720,50,676,334,1056,491
200__101.jpg,1280,720,200_,801,485,1085,720
50_22.jpg,1280,720,50,649,253,797,422
200__129.jpg,1280,720,200_,656,406,975,537
10__9.jpg,1280,720,10_,607,72,1170,364
10__8.jpg,1280,720,10_,654,84,1150,368
200__128.jpg,1280,720,200_,596,440,956,608
50_23.jpg,1280,720,50,653,252,827,424
200__100.jpg,1280,720,200_,857,456,1137,619
50_37.jpg,1280,720,50,667,319,1054,476
200__114.jpg,1280,720,200_,576,393,899,517
200_1.jpg,1280,720,200,605,242,837,343
1000__1.jpg,1280,720,1000_,502,179,772,351
1000__40.jpg,1280,720,1000_,525,315,965,488
20_88.jpg,1280,720,20,749,220,989,430
1000__54.jpg,1280,720,1000_,510,139,747,490
1000__68.jpg,1280,720,1000_,695,141,941,332
1000__83.jpg,1280,720,1000_,785,165,1000,346
100__132.jpg,1280,720,100_,608,275,785,455
1000__97.jpg,1280,720,1000_,665,312,1011,506
20_63.jpg,1280,720,20,545,335,872,512
200__2.jpg,1280,720,200_,643,269,898,426
20_77.jpg,1280,720,20,773,284,1135,635
10_107.jpg,1280,720,10,673,236,820,390
500_87.jpg,1280,720,500,598,224,812,382
500_93.jpg,1280,720,500,595,10,914,362
10_113.jpg,1280,720,10,634,308,794,484
1000_4.jpg,1280,720,1000,531,124,900,306
10__26.jpg,1280,720,10_,613,100,865,265
100__76.jpg,1280,720,100_,559,264,749,426
10_17.jpg,1280,720,10,636,179,889,336
10__32.jpg,1280,720,10_,634,147,918,316
100__62.jpg,1280,720,100_,438,281,709,519
100__89.jpg,1280,720,100_,634,220,823,381
20__61.jpg,1280,720,20_,694,259,1014,434
500_44.jpg,1280,720,500,444,293,731,576
20__75.jpg,1280,720,20_,725,303,1047,465
10__138.jpg,1280,720,10_,491,255,753,395
500_50.jpg,1280,720,500,760,135,984,360
10__110.jpg,1280,720,10_,815,165,956,307
500_78.jpg,1280,720,500,692,195,850,340
20__49.jpg,1280,720,20_,828,306,974,438
10__104.jpg,1280,720,10_,792,100,927,259
200_163.jpg,1280,720,200,714,411,841,501
100_72.jpg,1280,720,100,655,202,805,325
1000_22.jpg,1280,720,1000,777,52,973,257
200_177.jpg,1280,720,200,650,303,821,413
100_66.jpg,1280,720,100,596,162,875,339
1000_36.jpg,1280,720,1000,641,218,1052,416
200__42.jpg,1280,720,200_,912,171,1176,422
50__140.jpg,1280,720,50_,506,264,854,490
10_7.jpg,1280,720,10,394,201,840,432
200__56.jpg,1280,720,200_,747,237,1188,388
500_107.jpg,1280,720,500,398,181,952,441
50_131.jpg,1280,720,50,786,323,947,452
20__118.jpg,1280,720,20_,727,196,972,428
50_125.jpg,1280,720,50,822,329,1005,471
50__38.jpg,1280,720,50_,599,327,897,464
500_113.jpg,1280,720,500,101,75,1203,592
200__81.jpg,1280,720,200_,670,274,1178,704
500__26.jpg,1280,720,500_,715,114,971,344
200_35.jpg,1280,720,200,515,268,938,458
20__124.jpg,1280,720,20_,785,320,965,472
50__10.jpg,1280,720,50_,459,245,890,450
50_119.jpg,1280,720,50,771,309,949,457
200_21.jpg,1280,720,200,550,185,728,488
20__130.jpg,1280,720,20_,722,310,1041,517
500__32.jpg,1280,720,500_,560,209,953,383
200__95.jpg,1280,720,200_,705,300,1049,540
100_99.jpg,1280,720,100,559,168,1054,582
50__12.jpg,1280,720,50_,429,214,974,481
20__126.jpg,1280,720,20_,762,365,935,478
200_37.jpg,1280,720,200,528,240,915,351
500__24.jpg,1280,720,500_,649,105,965,318
200__83.jpg,1280,720,200_,594,222,979,520
200__97.jpg,1280,720,200_,778,416,994,572
500__30.jpg,1280,720,500_,852,91,956,240
20__132.jpg,1280,720,20_,841,352,1056,572
200_23.jpg,1280,720,200,614,216,940,379
50_133.jpg,1280,720,50,852,245,1034,412
500__18.jpg,1280,720,500_,572,125,852,335
500_105.jpg,1280,720,500,586,297,981,488
500_111.jpg,1280,720,500,300,142,1047,472
50_127.jpg,1280,720,50,875,374,1011,470
50__142.jpg,1280,720,50_,475,385,782,584
200__40.jpg,1280,720,200_,844,282,1176,533
200__54.jpg,1280,720,200_,731,256,1124,413
100_58.jpg,1280,720,100,499,162,750,437
200_149.jpg,1280,720,200,743,393,1043,566
10_5.jpg,1280,720,10,479,213,808,391
100_70.jpg,1280,720,100,701,217,915,411
1000_20.jpg,1280,720,1000,644,58,955,282
200_161.jpg,1280,720,200,738,351,908,507
200__68.jpg,1280,720,200_,727,349,1059,620
100_64.jpg,1280,720,100,588,216,854,382
1000_34.jpg,1280,720,1000,632,103,1087,337
200_175.jpg,1280,720,200,701,274,867,414
10__112.jpg,1280,720,10_,675,194,865,324
10__106.jpg,1280,720,10_,650,175,849,346
500_46.jpg,1280,720,500,606,181,964,337
20__63.jpg,1280,720,20_,685,300,1015,460
500_52.jpg,1280,720,500,585,225,908,375
20__77.jpg,1280,720,20_,813,372,1150,576
10_15.jpg,1280,720,10,634,190,868,332
50__2.jpg,1280,720,50_,518,278,736,409
10_139.jpg,1280,720,10,592,323,799,487
10__24.jpg,1280,720,10_,706,143,1013,306
100__74.jpg,1280,720,100_,667,300,901,524
1000_6.jpg,1280,720,1000,566,225,1013,441
10__30.jpg,1280,720,10_,629,117,798,268
100__60.jpg,1280,720,100_,518,385,886,562
20__88.jpg,1280,720,20_,715,397,1014,682
10_29.jpg,1280,720,10,583,178,854,307
500_85.jpg,1280,720,500,529,169,879,350
10_105.jpg,1280,720,10,757,235,901,372
100__48.jpg,1280,720,100_,598,258,992,442
10__18.jpg,1280,720,10_,611,94,946,291
10_111.jpg,1280,720,10,596,330,743,536
500_91.jpg,1280,720,500,726,183,936,357
20_61.jpg,1280,720,20,559,330,865,555
20_75.jpg,1280,720,20,738,351,1153,718
1000__81.jpg,1280,720,1000_,773,181,955,362
1000__95.jpg,1280,720,1000_,737,317,1034,579
20_49.jpg,1280,720,20,745,343,1150,475
1000__3.jpg,1280,720,1000_,457,169,806,352
1000__42.jpg,1280,720,1000_,688,230,1080,500
1000__56.jpg,1280,720,1000_,555,83,748,415
200_3.jpg,1280,720,200,630,194,944,349
200__102.jpg,1280,720,200_,825,355,1109,555
50_21.jpg,1280,720,50,605,247,815,418
200__116.jpg,1280,720,200_,595,355,965,514
50_35.jpg,1280,720,50,664,348,1048,530
50_34.jpg,1280,720,50,670,360,1059,546
200__117.jpg,1280,720,200_,579,349,998,532
50_20.jpg,1280,720,50,606,246,841,425
200__103.jpg,1280,720,200_,824,375,1109,578
200_2.jpg,1280,720,200,630,187,884,296
1000__57.jpg,1280,720,1000_,555,38,819,353
1000__43.jpg,1280,720,1000_,682,179,1079,525
1000__2.jpg,1280,720,1000_,486,178,766,343
1000__94.jpg,1280,720,1000_,638,296,970,532
20_48.jpg,1280,720,20,744,315,1140,452
100__131.jpg,1280,720,100_,698,278,856,424
1000__80.jpg,1280,720,1000_,758,156,965,348
200__1.jpg,1280,720,200_,656,316,891,456
20_74.jpg,1280,720,20,519,372,988,626
20_60.jpg,1280,720,20,543,332,835,584
10_110.jpg,1280,720,10,605,311,749,481
500_90.jpg,1280,720,500,631,260,955,511
500_84.jpg,1280,720,500,751,166,948,338
10_28.jpg,1280,720,10,570,168,831,298
10__19.jpg,1280,720,10_,607,101,988,313
100__49.jpg,1280,720,100_,705,201,1137,313
10_104.jpg,1280,720,10,756,271,885,353
100__61.jpg,1280,720,100_,440,300,720,527
10__31.jpg,1280,720,10_,686,104,808,251
20__89.jpg,1280,720,20_,700,398,1000,667
50__3.jpg,1280,720,50_,502,270,735,412
10_14.jpg,1280,720,10,648,178,860,304
1000_7.jpg,1280,720,1000,565,131,1035,362
100__75.jpg,1280,720,100_,654,284,953,584
10__25.jpg,1280,720,10_,607,121,880,273
10_138.jpg,1280,720,10,598,318,826,519
20__76.jpg,1280,720,20_,819,368,1159,586
500_53.jpg,1280,720,500,516,305,788,559
20__62.jpg,1280,720,20_,695,282,1007,446
500_47.jpg,1280,720,500,681,100,929,385
10__107.jpg,1280,720,10_,650,166,850,329
10__113.jpg,1280,720,10_,666,155,862,330
200_174.jpg,1280,720,200,652,242,825,417
1000_35.jpg,1280,720,1000,658,190,1060,383
100_65.jpg,1280,720,100,585,217,865,352
200__69.jpg,1280,720,200_,712,326,1024,649
200_160.jpg,1280,720,200,685,387,850,513
1000_21.jpg,1280,720,1000,704,54,959,271
100_71.jpg,1280,720,100,675,215,796,320
200_148.jpg,1280,720,200,699,364,983,559
100_59.jpg,1280,720,100,567,124,746,394
200__55.jpg,1280,720,200_,796,246,1079,369
10_4.jpg,1280,720,10,518,210,809,366
50__143.jpg,1280,720,50_,469,397,785,587
200__41.jpg,1280,720,200_,808,143,1181,407
500_110.jpg,1280,720,500,242,106,1080,490
50_126.jpg,1280,720,50,854,355,1012,469
50_132.jpg,1280,720,50,835,269,1005,434
500_104.jpg,1280,720,500,327,298,920,641
500__19.jpg,1280,720,500_,560,141,768,321
500__31.jpg,1280,720,500_,553,234,945,426
200__96.jpg,1280,720,200_,725,337,1024,542
200_22.jpg,1280,720,200,559,210,850,424
20__133.jpg,1280,720,20_,840,340,1071,572
200_36.jpg,1280,720,200,521,235,946,382
20__127.jpg,1280,720,20_,709,378,885,520
50__13.jpg,1280,720,50_,409,206,1041,521
200__82.jpg,1280,720,200_,601,295,1021,507
500__25.jpg,1280,720,500_,705,115,975,305
500_100.jpg,1280,720,500,645,124,1087,259
50_136.jpg,1280,720,50,745,202,1034,432
50_122.jpg,1280,720,50,787,297,956,480
500_114.jpg,1280,720,500,102,108,1260,709
500__21.jpg,1280,720,500_,605,123,772,315
200__86.jpg,1280,720,200_,776,149,1020,446
20__123.jpg,1280,720,20_,584,484,735,621
50__17.jpg,1280,720,50_,624,255,878,414
200_32.jpg,1280,720,200,552,140,788,316
20__137.jpg,1280,720,20_,565,327,914,516
200_26.jpg,1280,720,200,599,133,907,300
200__92.jpg,1280,720,200_,520,333,963,653
500__35.jpg,1280,720,500_,614,122,975,222
200__79.jpg,1280,720,200_,676,351,1191,636
200_164.jpg,1280,720,200,694,387,818,477
100_75.jpg,1280,720,100,731,173,876,307
1000_25.jpg,1280,720,1000,628,135,998,330
200_170.jpg,1280,720,200,557,378,695,529
100_61.jpg,1280,720,100,615,58,779,356
1000_31.jpg,1280,720,1000,670,99,1039,215
200__45.jpg,1280,720,200_,828,177,1228,401
200_158.jpg,1280,720,200,617,364,767,487
1000_19.jpg,1280,720,1000,588,57,931,289
100_49.jpg,1280,720,100,641,81,883,485
200__51.jpg,1280,720,200_,705,382,1065,469
500_43.jpg,1280,720,500,556,277,887,420
20__66.jpg,1280,720,20_,691,346,1023,503
500_57.jpg,1280,720,500,520,240,782,538
20__72.jpg,1280,720,20_,627,469,881,559
10__117.jpg,1280,720,10_,715,166,909,352
10__103.jpg,1280,720,10_,891,111,999,278
10_100.jpg,1280,720,10,738,246,881,372
500_80.jpg,1280,720,500,617,124,973,301
500_94.jpg,1280,720,500,531,130,967,400
10_38.jpg,1280,720,10,652,246,870,353
10_114.jpg,1280,720,10,656,271,801,439
100__59.jpg,1280,720,100_,517,326,856,539
10__21.jpg,1280,720,10_,552,85,1038,368
100__71.jpg,1280,720,100_,434,145,792,393
1000_3.jpg,1280,720,1000,560,96,901,287
20__99.jpg,1280,720,20_,580,440,894,582
10_10.jpg,1280,720,10,260,82,1060,577
50__7.jpg,1280,720,50_,502,272,812,420
10_128.jpg,1280,720,10,702,278,881,426
10__35.jpg,1280,720,10_,722,128,988,291
100__65.jpg,1280,720,100_,543,216,682,494
1000__84.jpg,1280,720,1000_,760,150,928,353
20_58.jpg,1280,720,20,565,369,775,650
1000__90.jpg,1280,720,1000_,775,162,975,368
20_64.jpg,1280,720,20,443,295,911,575
20_70.jpg,1280,720,20,716,375,1087,610
200__5.jpg,1280,720,200_,465,213,920,459
1000__6.jpg,1280,720,1000_,420,161,853,395
1000__47.jpg,1280,720,1000_,642,183,860,558
1000__53.jpg,1280,720,1000_,476,170,775,510
200_6.jpg,1280,720,200,389,195,1131,498
50_18.jpg,1280,720,50,596,273,868,438
200__107.jpg,1280,720,200_,794,372,1104,622
50_24.jpg,1280,720,50,659,252,879,409
200__113.jpg,1280,720,200_,599,395,878,504
50_30.jpg,1280,720,50,798,286,1012,466
50_31.jpg,1280,720,50,842,282,1029,480
200__112.jpg,1280,720,200_,612,417,867,510
50_25.jpg,1280,720,50,660,258,824,404
200__106.jpg,1280,720,200_,756,303,1014,556
50_19.jpg,1280,720,50,591,250,857,428
200_7.jpg,1280,720,200,89,61,1243,581
1000__52.jpg,1280,720,1000_,448,241,824,532
1000__46.jpg,1280,720,1000_,716,175,904,583
1000__7.jpg,1280,720,1000_,388,166,860,423
200__4.jpg,1280,720,200_,541,171,940,395
20_71.jpg,1280,720,20,714,425,1046,616
20_65.jpg,1280,720,20,773,352,1191,618
1000__91.jpg,1280,720,1000_,542,195,710,383
1000__85.jpg,1280,720,1000_,699,173,872,346
20_59.jpg,1280,720,20,541,342,810,619
100__64.jpg,1280,720,100_,502,251,682,511
10__34.jpg,1280,720,10_,645,146,939,323
10_129.jpg,1280,720,10,717,322,859,523
1000_2.jpg,1280,720,1000,588,84,892,273
100__70.jpg,1280,720,100_,575,259,825,400
10__20.jpg,1280,720,10_,578,93,1017,336
50__6.jpg,1280,720,50_,515,286,796,425
10_11.jpg,1280,720,10,476,210,946,440
20__98.jpg,1280,720,20_,745,344,1120,499
10_39.jpg,1280,720,10,652,237,882,339
500_95.jpg,1280,720,500,545,199,947,377
100__58.jpg,1280,720,100_,531,288,821,539
10_115.jpg,1280,720,10,644,245,831,413
10_101.jpg,1280,720,10,660,259,789,385
500_81.jpg,1280,720,500,705,178,910,352
10__102.jpg,1280,720,10_,817,139,1007,307
10__116.jpg,1280,720,10_,692,126,898,349
20__73.jpg,1280,720,20_,741,255,1055,420
500_56.jpg,1280,720,500,594,278,915,471
20__67.jpg,1280,720,20_,705,359,1025,525
500_42.jpg,1280,720,500,695,155,901,332
10_1.jpg,1280,720,10,594,175,812,295
200__50.jpg,1280,720,200_,669,358,1050,484
100_48.jpg,1280,720,100,636,97,892,493
1000_18.jpg,1280,720,1000,571,76,922,301
200_159.jpg,1280,720,200,617,368,782,490
200__44.jpg,1280,720,200_,915,153,1241,388
1000_30.jpg,1280,720,1000,663,103,1041,222
100_60.jpg,1280,720,100,615,74,738,358
200_171.jpg,1280,720,200,536,340,730,497
1000_24.jpg,1280,720,1000,623,124,973,320
100_74.jpg,1280,720,100,709,194,858,308
200_165.jpg,1280,720,200,570,394,704,526
200__78.jpg,1280,720,200_,641,378,1175,582
200_27.jpg,1280,720,200,688,171,970,364
20__136.jpg,1280,720,20_,524,293,945,538
500__34.jpg,1280,720,500_,585,161,968,290
200__93.jpg,1280,720,200_,801,385,1170,639
200__87.jpg,1280,720,200_,666,207,1005,465
500__20.jpg,1280,720,500_,600,114,791,309
200_33.jpg,1280,720,200,663,149,809,297
50__16.jpg,1280,720,50_,622,274,891,431
20__122.jpg,1280,720,20_,652,440,815,568
50_123.jpg,1280,720,50,783,302,954,464
500_115.jpg,1280,720,500,10,30,1280,630
500_101.jpg,1280,720,500,609,282,987,458
50_137.jpg,1280,720,50,726,206,1003,419
20__108.jpg,1280,720,20_,668,265,957,474
50_121.jpg,1280,720,50,780,309,965,479
200_19.jpg,1280,720,200,547,245,792,419
50__28.jpg,1280,720,50_,565,199,971,425
50_135.jpg,1280,720,50,835,198,1083,407
500_103.jpg,1280,720,500,656,172,1119,336
200__91.jpg,1280,720,200_,394,371,869,578
500__36.jpg,1280,720,500_,622,95,1017,291
20__134.jpg,1280,720,20_,782,348,1158,655
200_25.jpg,1280,720,200,623,203,870,364
20__120.jpg,1280,720,20_,680,318,818,449
50__14.jpg,1280,720,50_,276,178,1116,582
50_109.jpg,1280,720,50,813,343,973,488
200_31.jpg,1280,720,200,765,179,1059,345
500__22.jpg,1280,720,500_,590,114,945,335
100_89.jpg,1280,720,100,749,174,911,339
200__85.jpg,1280,720,200_,778,25,939,421
200_173.jpg,1280,720,200,586,285,766,436
1000_32.jpg,1280,720,1000,686,74,1046,183
100_62.jpg,1280,720,100,620,33,857,332
200_167.jpg,1280,720,200,589,430,750,504
1000_26.jpg,1280,720,1000,646,134,1014,311
100_76.jpg,1280,720,100,729,166,869,302
200__52.jpg,1280,720,200_,689,345,1063,442
10_3.jpg,1280,720,10,533,201,798,346
50__144.jpg,1280,720,50_,499,293,848,518
200__46.jpg,1280,720,200_,696,384,1063,536
100__99.jpg,1280,720,100_,573,268,998,629
500_54.jpg,1280,720,500,800,140,1014,375
20__71.jpg,1280,720,20_,635,445,889,552
500_40.jpg,1280,720,500,681,197,895,380
20__65.jpg,1280,720,20_,690,325,1015,487
10__128.jpg,1280,720,10_,599,178,805,353
500_68.jpg,1280,720,500,686,219,890,390
10__100.jpg,1280,720,10_,746,151,930,311
20__59.jpg,1280,720,20_,731,388,1033,470
10__114.jpg,1280,720,10_,747,140,909,317
10_117.jpg,1280,720,10,749,179,901,355
500_97.jpg,1280,720,500,507,118,894,387
500_83.jpg,1280,720,500,649,170,932,425
10_103.jpg,1280,720,10,630,227,740,362
100__66.jpg,1280,720,100_,517,201,705,482
10__36.jpg,1280,720,10_,768,118,1019,283
10_13.jpg,1280,720,10,427,143,1053,456
50__4.jpg,1280,720,50_,542,295,789,422
100__72.jpg,1280,720,100_,536,95,878,407
10__22.jpg,1280,720,10_,402,29,1185,436
1000__93.jpg,1280,720,1000_,623,306,895,475
1000__87.jpg,1280,720,1000_,694,171,885,395
20_73.jpg,1280,720,20,663,412,1106,655
200__6.jpg,1280,720,200_,499,269,927,455
20_67.jpg,1280,720,20,830,284,1018,607
1000__50.jpg,1280,720,1000_,500,378,799,586
20_98.jpg,1280,720,20,634,323,925,449
1000__44.jpg,1280,720,1000_,689,165,1037,555
1000__5.jpg,1280,720,1000_,446,156,832,369
1000__78.jpg,1280,720,1000_,736,146,963,350
200_5.jpg,1280,720,200,440,194,991,417
200__138.jpg,1280,720,200_,619,408,910,586
200__110.jpg,1280,720,200_,798,410,1115,611
50_33.jpg,1280,720,50,868,303,1020,437
200__104.jpg,1280,720,200_,911,355,1195,579
50_27.jpg,1280,720,50,631,288,957,464
50_26.jpg,1280,720,50,591,255,870,457
200__105.jpg,1280,720,200_,762,297,1036,527
50_32.jpg,1280,720,50,809,287,1006,427
200__111.jpg,1280,720,200_,836,419,1075,613
200__139.jpg,1280,720,200_,59,133,1280,635
200_4.jpg,1280,720,200,567,188,965,348
1000__79.jpg,1280,720,1000_,738,148,968,358
20_99.jpg,1280,720,20,659,307,946,446
1000__4.jpg,1280,720,1000_,451,165,810,370
1000__45.jpg,1280,720,1000_,707,160,991,556
1000__51.jpg,1280,720,1000_,453,315,812,561
20_66.jpg,1280,720,20,810,290,1155,670
200__7.jpg,1280,720,200_,383,264,976,503
20_72.jpg,1280,720,20,746,432,1029,602
1000__86.jpg,1280,720,1000_,715,177,844,357
1000__92.jpg,1280,720,1000_,585,205,718,389
100__137.jpg,1280,720,100_,699,285,857,413
50__5.jpg,1280,720,50_,528,293,791,427
10_12.jpg,1280,720,10,469,159,986,423
1000_1.jpg,1280,720,1000,603,76,868,256
10__23.jpg,1280,720,10_,640,146,954,325
100__73.jpg,1280,720,100_,627,117,943,429
10__37.jpg,1280,720,10_,809,116,1047,274
100__67.jpg,1280,720,100_,508,188,736,461
500_82.jpg,1280,720,500,630,135,868,343
10_102.jpg,1280,720,10,602,255,730,382
10_116.jpg,1280,720,10,682,213,857,397
500_96.jpg,1280,720,500,525,74,890,391
10__115.jpg,1280,720,10_,711,155,1002,430
20__58.jpg,1280,720,20_,740,391,1036,495
10__101.jpg,1280,720,10_,767,146,994,306
500_69.jpg,1280,720,500,695,187,1025,412
10__129.jpg,1280,720,10_,631,139,831,362
20__64.jpg,1280,720,20_,689,313,1008,475
500_41.jpg,1280,720,500,596,210,827,495
100__98.jpg,1280,720,100_,688,330,909,504
20__70.jpg,1280,720,20_,638,442,893,562
500_55.jpg,1280,720,500,475,157,814,341
200__47.jpg,1280,720,200_,723,361,1096,535
200__53.jpg,1280,720,200_,725,227,1109,416
10_2.jpg,1280,720,10,553,188,799,319
100_77.jpg,1280,720,100,714,140,853,284
1000_27.jpg,1280,720,1000,650,130,1030,295
200_166.jpg,1280,720,200,518,433,679,577
100_63.jpg,1280,720,100,583,229,847,403
1000_33.jpg,1280,720,1000,631,48,1085,301
200_172.jpg,1280,720,200,541,313,727,477
200_30.jpg,1280,720,200,712,135,1017,345
50_108.jpg,1280,720,50,825,336,983,478
50__15.jpg,1280,720,50_,225,134,1170,583
20__121.jpg,1280,720,20_,687,350,821,472
200__84.jpg,1280,720,200_,663,140,986,529
100_88.jpg,1280,720,100,718,194,894,348
500__23.jpg,1280,720,500_,591,114,952,322
500__37.jpg,1280,720,500_,614,132,1021,315
200__90.jpg,1280,720,200_,737,207,1083,422
200_24.jpg,1280,720,200,625,229,915,391
20__135.jpg,1280,720,20_,480,255,980,531
50_134.jpg,1280,720,50,849,225,1042,435
50__29.jpg,1280,720,50_,632,217,984,431
500_102.jpg,1280,720,500,709,256,1136,495
500_116.jpg,1280,720,500,5,5,1280,638
200_18.jpg,1280,720,200,685,229,940,379
50_120.jpg,1280,720,50,789,305,958,471
20__109.jpg,1280,720,20_,609,190,987,465
500__50.jpg,1280,720,500_,519,80,721,374
50__66.jpg,1280,720,50_,447,309,571,535
20__152.jpg,1280,720,20_,700,310,1032,570
200_43.jpg,1280,720,200,624,214,1040,410
50__72.jpg,1280,720,50_,478,269,734,427
20__146.jpg,1280,720,20_,586,433,830,620
200_57.jpg,1280,720,200,662,81,1079,490
500__44.jpg,1280,720,500_,618,319,1068,460
1000_97.jpg,1280,720,1000,644,257,944,414
50_147.jpg,1280,720,50,525,341,808,554
50_153.jpg,1280,720,50,590,351,806,607
500__78.jpg,1280,720,500_,308,114,690,428
1000_83.jpg,1280,720,1000,723,1,1272,537
200__34.jpg,1280,720,200_,838,219,1140,462
1000_68.jpg,1280,720,1000,678,285,825,429
100_38.jpg,1280,720,100,660,261,1086,388
200_129.jpg,1280,720,200,670,337,928,681
500__93.jpg,1280,720,500_,731,180,878,351
200_80.jpg,1280,720,200,511,111,844,465
50__136.jpg,1280,720,50_,480,334,791,509
50__122.jpg,1280,720,50_,641,388,949,640
200_94.jpg,1280,720,200,802,329,1053,504
500__87.jpg,1280,720,500_,725,181,857,325
200__20.jpg,1280,720,200_,714,261,996,464
1000_54.jpg,1280,720,1000,542,118,790,385
200_115.jpg,1280,720,200,678,288,938,487
50__99.jpg,1280,720,50_,581,231,767,392
100_3.jpg,1280,720,100,483,155,757,303
100_10.jpg,1280,720,100,356,69,1205,452
1000_40.jpg,1280,720,1000,729,172,1096,429
200_101.jpg,1280,720,200,685,349,920,516
10__93.jpg,1280,720,10_,640,135,836,306
20_122.jpg,1280,720,20,769,356,1016,475
10__87.jpg,1280,720,10_,457,223,704,439
500_32.jpg,1280,720,500,684,91,1077,249
20__17.jpg,1280,720,20_,711,281,1006,430
500_26.jpg,1280,720,500,586,201,819,509
50_1.jpg,1280,720,50,572,344,786,451
10__50.jpg,1280,720,10_,654,181,989,332
10_61.jpg,1280,720,10,588,139,814,397
20_8.jpg,1280,720,20,549,185,1044,430
10_75.jpg,1280,720,10,433,262,686,526
10_159.jpg,1280,720,10,701,285,882,416
100_109.jpg,1280,720,100,521,298,791,435
10__44.jpg,1280,720,10_,700,59,897,239
100__14.jpg,1280,720,100_,273,135,1130,559
10_49.jpg,1280,720,10,544,155,859,295
100__28.jpg,1280,720,100_,525,149,820,308
10__78.jpg,1280,720,10_,496,251,823,451
20_15.jpg,1280,720,20,402,123,1090,450
20_29.jpg,1280,720,20,960,242,1142,422
100__150.jpg,1280,720,100_,763,184,972,393
100__144.jpg,1280,720,100_,981,203,1254,408
1000_117.jpg,1280,720,1000,547,203,686,505
500__111.jpg,1280,720,500_,577,358,875,600
500__105.jpg,1280,720,500_,827,239,1044,375
1000_103.jpg,1280,720,1000,557,275,867,394
1000__36.jpg,1280,720,1000_,521,189,929,382
1000__22.jpg,1280,720,1000_,640,94,931,260
50_96.jpg,1280,720,50,784,254,967,451
50_82.jpg,1280,720,50,552,185,783,472
500__5.jpg,1280,720,500_,483,137,914,380
50_55.jpg,1280,720,50,645,390,963,585
200__162.jpg,1280,720,200_,589,346,747,461
50_41.jpg,1280,720,50,712,300,1008,396
50_69.jpg,1280,720,50,526,201,781,673
50_68.jpg,1280,720,50,552,161,849,641
50_40.jpg,1280,720,50,701,286,1009,399
200__163.jpg,1280,720,200_,683,301,838,430
50_54.jpg,1280,720,50,639,359,983,557
500__4.jpg,1280,720,500_,520,149,904,346
50_83.jpg,1280,720,50,570,174,752,452
50_97.jpg,1280,720,50,758,248,953,457
1000__23.jpg,1280,720,1000_,675,95,944,259
1000__37.jpg,1280,720,1000_,520,209,936,414
500__104.jpg,1280,720,500_,738,163,898,325
1000_102.jpg,1280,720,1000,231,393,752,617
1000_116.jpg,1280,720,1000,570,229,712,505
500__110.jpg,1280,720,500_,599,335,835,516
100__145.jpg,1280,720,100_,978,182,1211,400
100__151.jpg,1280,720,100_,1044,206,1227,333
20_28.jpg,1280,720,20,875,248,1119,430
20_14.jpg,1280,720,20,207,113,1175,560
10_48.jpg,1280,720,10,534,139,828,282
10__79.jpg,1280,720,10_,478,207,802,468
100__29.jpg,1280,720,100_,520,142,823,311
10_164.jpg,1280,720,10,63,43,1246,578
10_74.jpg,1280,720,10,396,336,678,559
100__15.jpg,1280,720,100_,572,161,1017,353
10__45.jpg,1280,720,10_,652,64,970,286
100_108.jpg,1280,720,100,470,384,736,514
10_158.jpg,1280,720,10,712,332,915,449
10__51.jpg,1280,720,10_,652,145,1000,298
20_9.jpg,1280,720,20,649,286,921,465
10_60.jpg,1280,720,10,599,146,833,377
500_27.jpg,1280,720,500,665,195,1029,345
20__16.jpg,1280,720,20_,705,277,1002,429
500_33.jpg,1280,720,500,600,276,858,618
20_123.jpg,1280,720,20,547,437,861,648
10__86.jpg,1280,720,10_,453,230,691,458
10__92.jpg,1280,720,10_,727,168,933,411
100_2.jpg,1280,720,100,493,159,753,311
200_100.jpg,1280,720,200,601,330,870,487
1000_41.jpg,1280,720,1000,717,144,1080,453
100_11.jpg,1280,720,100,598,182,936,343
200_114.jpg,1280,720,200,589,294,873,479
1000_55.jpg,1280,720,1000,582,121,791,377
50__98.jpg,1280,720,50_,554,176,785,398
200_95.jpg,1280,720,200,704,282,899,536
50__123.jpg,1280,720,50_,440,410,705,531
200__21.jpg,1280,720,200_,711,249,925,458
500__86.jpg,1280,720,500_,677,210,852,338
500__92.jpg,1280,720,500_,668,111,838,310
200_128.jpg,1280,720,200,818,478,1017,646
100_39.jpg,1280,720,100,662,285,1092,400
1000_69.jpg,1280,720,1000,649,279,814,430
200__35.jpg,1280,720,200_,872,220,1082,442
50__137.jpg,1280,720,50_,465,267,939,555
200_81.jpg,1280,720,200,527,122,866,429
50_152.jpg,1280,720,50,571,392,796,583
1000_82.jpg,1280,720,1000,616,2,1139,477
500__79.jpg,1280,720,500_,561,124,800,332
1000_96.jpg,1280,720,1000,595,312,894,438
50_146.jpg,1280,720,50,487,427,809,598
200_56.jpg,1280,720,200,669,116,1092,439
20__147.jpg,1280,720,20_,572,433,852,646
50__73.jpg,1280,720,50_,515,282,761,393
500__45.jpg,1280,720,500_,471,287,811,465
500__51.jpg,1280,720,500_,555,50,764,348
200_42.jpg,1280,720,200,624,233,1009,377
20__153.jpg,1280,720,20_,149,120,1224,621
50__67.jpg,1280,720,50_,432,278,594,509
500__47.jpg,1280,720,500_,427,179,774,446
50__71.jpg,1280,720,50_,451,251,699,447
20__145.jpg,1280,720,20_,589,436,818,612
200_54.jpg,1280,720,200,752,223,1111,464
50__65.jpg,1280,720,50_,431,336,603,563
20__151.jpg,1280,720,20_,464,133,1110,583
200_40.jpg,1280,720,200,515,204,898,443
500__53.jpg,1280,720,500_,565,80,829,339
1000_80.jpg,1280,720,1000,527,146,779,382
200_68.jpg,1280,720,200,712,68,1063,508
50_150.jpg,1280,720,50,593,364,733,599
50__59.jpg,1280,720,50_,614,227,826,473
50_144.jpg,1280,720,50,720,376,1022,561
20__9.jpg,1280,720,20_,617,267,996,470
1000_94.jpg,1280,720,1000,545,311,772,536
500__84.jpg,1280,720,500_,665,192,841,332
200__23.jpg,1280,720,200_,633,220,828,449
50__121.jpg,1280,720,50_,642,370,896,626
200_97.jpg,1280,720,200,720,282,953,474
200_83.jpg,1280,720,200,576,142,917,335
50__135.jpg,1280,720,50_,535,211,716,599
200__37.jpg,1280,720,200_,827,206,1120,427
500__90.jpg,1280,720,500_,727,167,910,323
1000_43.jpg,1280,720,1000,710,103,1010,491
100_13.jpg,1280,720,100,677,166,974,305
200_102.jpg,1280,720,200,704,293,947,529
1000__118.jpg,1280,720,1000_,9,61,1279,659
50__109.jpg,1280,720,50_,652,115,813,262
1000_57.jpg,1280,720,1000,683,98,795,347
200_116.jpg,1280,720,200,692,210,960,491
10__84.jpg,1280,720,10_,579,98,798,435
20_121.jpg,1280,720,20,749,361,1002,491
500_19.jpg,1280,720,500,676,74,1081,230
20__28.jpg,1280,720,20_,856,285,951,458
10__90.jpg,1280,720,10_,581,217,823,393
10_89.jpg,1280,720,10,731,256,911,384
500_25.jpg,1280,720,500,415,367,700,644
20_109.jpg,1280,720,20,570,355,842,622
500_31.jpg,1280,720,500,648,210,870,420
20__14.jpg,1280,720,20_,425,112,1146,471
100__17.jpg,1280,720,100_,538,184,789,335
10__47.jpg,1280,720,10_,730,32,1125,251
10_76.jpg,1280,720,10,591,349,866,523
10_62.jpg,1280,720,10,581,146,781,397
50_2.jpg,1280,720,50,551,328,769,427
10__53.jpg,1280,720,10_,663,139,1000,259
20_16.jpg,1280,720,20,710,264,1036,458
100__147.jpg,1280,720,100_,647,266,846,414
100__153.jpg,1280,720,100_,654,227,818,397
1000_100.jpg,1280,720,1000,699,188,913,355
500_8.jpg,1280,720,500,653,206,1083,313
500__106.jpg,1280,720,500_,559,330,829,516
500__112.jpg,1280,720,500_,689,244,909,465
1000_114.jpg,1280,720,1000,413,127,1149,481
1000__21.jpg,1280,720,1000_,566,90,912,294
1000__35.jpg,1280,720,1000_,530,156,938,363
50_81.jpg,1280,720,50,499,220,799,481
50_95.jpg,1280,720,50,774,291,980,472
500__6.jpg,1280,720,500_,452,157,960,427
200__161.jpg,1280,720,200_,550,349,709,472
50_42.jpg,1280,720,50,729,303,998,380
50_56.jpg,1280,720,50,689,243,996,412
200__149.jpg,1280,720,200_,578,288,941,622
200__148.jpg,1280,720,200_,543,317,837,581
50_57.jpg,1280,720,50,678,205,976,418
50_43.jpg,1280,720,50,735,302,996,374
200__160.jpg,1280,720,200_,620,345,753,452
500__7.jpg,1280,720,500_,362,175,1006,500
50_94.jpg,1280,720,50,661,1,1019,536
50_80.jpg,1280,720,50,402,311,723,560
1000__34.jpg,1280,720,1000_,535,130,939,365
1000__20.jpg,1280,720,1000_,552,91,911,305
500__113.jpg,1280,720,500_,614,286,981,451
1000_115.jpg,1280,720,1000,175,1,1280,712
1000_101.jpg,1280,720,1000,437,404,724,524
500__107.jpg,1280,720,500_,541,368,964,599
500_9.jpg,1280,720,500,664,150,840,463
100__152.jpg,1280,720,100_,967,177,1134,322
100__146.jpg,1280,720,100_,821,245,1007,362
20_17.jpg,1280,720,20,715,230,1010,438
10_63.jpg,1280,720,10,552,181,723,422
10__52.jpg,1280,720,10_,656,143,998,280
50_3.jpg,1280,720,50,542,291,784,419
10__46.jpg,1280,720,10_,697,44,1072,275
100__16.jpg,1280,720,100_,543,187,802,332
10_77.jpg,1280,720,10,630,268,863,520
20__15.jpg,1280,720,20_,273,63,1190,512
500_30.jpg,1280,720,500,661,208,1074,335
20_108.jpg,1280,720,20,519,436,796,661
500_24.jpg,1280,720,500,665,95,945,420
10_88.jpg,1280,720,10,725,248,915,394
20__29.jpg,1280,720,20_,736,315,1024,520
10__91.jpg,1280,720,10_,612,194,860,413
10__85.jpg,1280,720,10_,572,136,882,388
500_18.jpg,1280,720,500,457,277,755,488
20_120.jpg,1280,720,20,622,370,903,547
50__108.jpg,1280,720,50_,599,203,738,321
200_117.jpg,1280,720,200,785,153,950,462
1000_56.jpg,1280,720,1000,629,117,801,361
200_103.jpg,1280,720,200,752,248,973,494
100_12.jpg,1280,720,100,373,177,1108,503
1000_42.jpg,1280,720,1000,719,109,1062,467
100_1.jpg,1280,720,100,512,189,747,324
1000__119.jpg,1280,720,1000_,115,14,1179,644
50__134.jpg,1280,720,50_,590,314,706,539
200_82.jpg,1280,720,200,540,152,875,410
500__91.jpg,1280,720,500_,646,106,892,313
200__36.jpg,1280,720,200_,802,217,1120,448
200__22.jpg,1280,720,200_,609,161,995,479
500__85.jpg,1280,720,500_,727,214,870,319
200_96.jpg,1280,720,200,704,275,904,481
50__120.jpg,1280,720,50_,581,317,805,542
20__8.jpg,1280,720,20_,624,269,967,441
50_145.jpg,1280,720,50,704,356,996,572
50__58.jpg,1280,720,50_,636,234,869,460
1000_95.jpg,1280,720,1000,697,334,964,597
1000_81.jpg,1280,720,1000,476,79,1018,555
50_151.jpg,1280,720,50,555,401,789,592
200_69.jpg,1280,720,200,779,142,1012,453
200_41.jpg,1280,720,200,531,249,879,479
20__150.jpg,1280,720,20_,576,291,1097,720
50__64.jpg,1280,720,50_,660,447,993,671
500__52.jpg,1280,720,500_,560,65,774,370
500__46.jpg,1280,720,500_,433,215,772,460
200_55.jpg,1280,720,200,669,142,1120,410
20__144.jpg,1280,720,20_,692,440,866,571
50__70.jpg,1280,720,50_,436,250,668,467
50__48.jpg,1280,720,50_,647,206,998,354
50_155.jpg,1280,720,50,524,366,793,569
1000_85.jpg,1280,720,1000,423,96,810,468
1000_91.jpg,1280,720,1000,764,234,1073,473
50_141.jpg,1280,720,50,664,103,1062,450
200_79.jpg,1280,720,200,525,185,778,559
20__140.jpg,1280,720,20_,852,330,1171,608
50__74.jpg,1280,720,50_,426,233,823,463
200_51.jpg,1280,720,200,696,130,1172,248
500__42.jpg,1280,720,500_,612,245,1066,396
500__56.jpg,1280,720,500_,611,155,891,326
20__154.jpg,1280,720,20_,156,115,1245,617
50__60.jpg,1280,720,50_,582,243,755,481
200_45.jpg,1280,720,200,659,262,1076,406
50__118.jpg,1280,720,50_,535,340,749,535
100_5.jpg,1280,720,100,472,198,800,393
200_107.jpg,1280,720,200,691,266,936,445
1000_46.jpg,1280,720,1000,646,139,914,534
100_16.jpg,1280,720,100,613,116,823,270
200_113.jpg,1280,720,200,582,271,901,479
1000_52.jpg,1280,720,1000,474,121,807,454
1000__109.jpg,1280,720,1000_,586,363,865,541
50__124.jpg,1280,720,50_,445,383,728,519
1000__121.jpg,1280,720,1000_,390,193,1163,544
200_92.jpg,1280,720,200,662,285,872,424
500__81.jpg,1280,720,500_,760,251,858,363
200__26.jpg,1280,720,200_,789,237,996,445
200__32.jpg,1280,720,200_,744,274,1128,537
500__95.jpg,1280,720,500_,787,236,941,355
200_86.jpg,1280,720,200,699,51,1004,353
50__130.jpg,1280,720,50_,465,356,734,525
500_20.jpg,1280,720,500,506,152,787,296
20_118.jpg,1280,720,20,630,320,836,584
10__148.jpg,1280,720,10_,550,226,759,379
500_34.jpg,1280,720,500,645,243,965,378
10_98.jpg,1280,720,10,765,211,894,387
20__11.jpg,1280,720,20_,549,199,1063,454
20_124.jpg,1280,720,20,797,380,1081,600
20__39.jpg,1280,720,20_,718,305,967,504
10__81.jpg,1280,720,10_,507,140,786,453
10__95.jpg,1280,720,10_,717,124,892,294
20_130.jpg,1280,720,20,142,150,1190,651
10_163.jpg,1280,720,10,11,22,1260,607
10_73.jpg,1280,720,10,614,333,912,553
100__12.jpg,1280,720,100_,98,120,1228,646
10__42.jpg,1280,720,10_,683,67,953,283
10__56.jpg,1280,720,10_,698,158,1060,319
50_7.jpg,1280,720,50,445,265,837,459
10_67.jpg,1280,720,10,611,301,960,511
100__142.jpg,1280,720,100_,688,245,923,407
100__156.jpg,1280,720,100_,557,377,837,542
20_13.jpg,1280,720,20,283,99,1123,492
1000__24.jpg,1280,720,1000_,738,95,974,265
1000__30.jpg,1280,720,1000_,524,184,983,347
500__103.jpg,1280,720,500_,742,161,930,308
100__9.jpg,1280,720,100_,363,197,924,504
1000__18.jpg,1280,720,1000_,579,114,716,318
1000_105.jpg,1280,720,1000,543,330,846,537
1000_111.jpg,1280,720,1000,548,329,819,583
500__117.jpg,1280,720,500_,455,379,805,559
500__3.jpg,1280,720,500_,545,159,890,337
50_84.jpg,1280,720,50,603,164,761,432
50_90.jpg,1280,720,50,380,183,809,434
200__158.jpg,1280,720,200_,601,314,767,475
200__164.jpg,1280,720,200_,675,374,824,440
50_47.jpg,1280,720,50,702,197,1106,462
50_53.jpg,1280,720,50,647,343,979,538
50_52.jpg,1280,720,50,657,304,1021,548
50_46.jpg,1280,720,50,690,188,1108,434
200__159.jpg,1280,720,200_,611,322,773,446
50_91.jpg,1280,720,50,383,146,836,359
50_85.jpg,1280,720,50,637,148,776,431
500__2.jpg,1280,720,500_,573,178,873,353
1000_110.jpg,1280,720,1000,552,338,770,560
500__116.jpg,1280,720,500_,383,410,701,608
500__102.jpg,1280,720,500_,795,185,990,347
1000_104.jpg,1280,720,1000,562,232,863,453
1000__19.jpg,1280,720,1000_,550,97,900,285
100__8.jpg,1280,720,100_,388,216,901,485
1000__31.jpg,1280,720,1000_,517,181,995,337
1000__25.jpg,1280,720,1000_,819,98,1002,248
20_12.jpg,1280,720,20,481,268,1001,495
100__157.jpg,1280,720,100_,436,279,1069,678
100__143.jpg,1280,720,100_,696,132,904,364
50_6.jpg,1280,720,50,461,269,819,445
10__57.jpg,1280,720,10_,702,149,1102,326
10_66.jpg,1280,720,10,646,288,970,556
10_72.jpg,1280,720,10,641,268,978,553
10__43.jpg,1280,720,10_,676,70,914,261
100__13.jpg,1280,720,100_,275,166,1124,598
10_162.jpg,1280,720,10,1,35,1280,664
10__94.jpg,1280,720,10_,683,137,866,314
20__38.jpg,1280,720,20_,808,216,1055,427
20_125.jpg,1280,720,20,91,76,1201,592
10__80.jpg,1280,720,10_,473,182,795,474
20__10.jpg,1280,720,20_,601,228,1042,449
10_99.jpg,1280,720,10,891,217,1025,307
500_35.jpg,1280,720,500,683,166,1018,320
10__149.jpg,1280,720,10_,367,366,676,527
20_119.jpg,1280,720,20,590,430,868,589
500_21.jpg,1280,720,500,680,247,845,450
500__94.jpg,1280,720,500_,705,223,892,408
200__33.jpg,1280,720,200_,785,224,1140,468
50__131.jpg,1280,720,50_,434,321,762,515
200_87.jpg,1280,720,200,725,59,1004,385
200_93.jpg,1280,720,200,656,385,885,529
1000__120.jpg,1280,720,1000_,106,65,1175,669
50__125.jpg,1280,720,50_,407,355,744,520
200__27.jpg,1280,720,200_,805,249,960,456
500__80.jpg,1280,720,500_,726,248,860,362
1000_53.jpg,1280,720,1000,493,129,785,427
200_112.jpg,1280,720,200,598,253,904,456
1000__108.jpg,1280,720,1000_,450,431,810,596
100_4.jpg,1280,720,100,465,162,768,341
50__119.jpg,1280,720,50_,554,338,782,548
100_17.jpg,1280,720,100,612,117,789,286
1000_47.jpg,1280,720,1000,582,154,945,607
200_106.jpg,1280,720,200,769,317,1017,514
500__57.jpg,1280,720,500_,614,165,894,307
200_44.jpg,1280,720,200,631,233,1049,411
50__61.jpg,1280,720,50_,588,328,900,595
20__155.jpg,1280,720,20_,102,110,1198,635
200_50.jpg,1280,720,200,702,151,1192,294
50__75.jpg,1280,720,50_,677,300,860,457
20__141.jpg,1280,720,20_,732,327,941,529
500__43.jpg,1280,720,500_,614,294,1059,435
1000_90.jpg,1280,720,1000,709,276,1060,514
200_78.jpg,1280,720,200,598,184,815,494
50_140.jpg,1280,720,50,658,111,1057,475
50_154.jpg,1280,720,50,520,365,802,591
50__49.jpg,1280,720,50_,642,231,989,388
1000_84.jpg,1280,720,1000,569,61,917,373
50_142.jpg,1280,720,50,727,127,1008,430
1000_92.jpg,1280,720,1000,748,224,1036,502
500__69.jpg,1280,720,500_,451,345,879,655
1000_86.jpg,1280,720,1000,493,231,763,495
50_156.jpg,1280,720,50,541,394,835,553
20__157.jpg,1280,720,20_,82,52,1202,582
50__63.jpg,1280,720,50_,585,366,884,559
200_46.jpg,1280,720,200,689,281,1112,442
500__55.jpg,1280,720,500_,585,140,861,335
500__41.jpg,1280,720,500_,610,230,1057,384
20__143.jpg,1280,720,20_,672,349,966,581
50__77.jpg,1280,720,50_,710,297,898,427
200_52.jpg,1280,720,200,628,307,1102,548
200_110.jpg,1280,720,200,562,275,857,433
1000_51.jpg,1280,720,1000,506,157,864,343
200__19.jpg,1280,720,200_,717,291,921,427
200_104.jpg,1280,720,200,681,371,941,540
100_15.jpg,1280,720,100,606,135,842,293
1000_45.jpg,1280,720,1000,742,105,919,494
50__88.jpg,1280,720,50_,702,272,826,331
100_6.jpg,1280,720,100,472,253,832,467
200_85.jpg,1280,720,200,660,75,976,330
50__133.jpg,1280,720,50_,520,384,831,523
200__31.jpg,1280,720,200_,689,288,1089,533
500__96.jpg,1280,720,500_,720,269,835,415
500__82.jpg,1280,720,500_,690,155,834,290
200__25.jpg,1280,720,200_,765,232,1021,452
200_138.jpg,1280,720,200,760,413,962,584
1000_79.jpg,1280,720,1000,667,224,835,377
100_29.jpg,1280,720,100,711,204,1111,362
50__127.jpg,1280,720,50_,471,332,831,495
200_91.jpg,1280,720,200,678,262,904,416
500_37.jpg,1280,720,500,595,233,804,410
20__12.jpg,1280,720,20_,550,175,1083,444
500_23.jpg,1280,720,500,704,93,895,385
10__96.jpg,1280,720,10_,759,135,923,290
10__82.jpg,1280,720,10_,566,130,762,448
20_127.jpg,1280,720,20,85,75,1252,652
10_58.jpg,1280,720,10,614,181,856,356
100__39.jpg,1280,720,100_,624,220,888,345
10__69.jpg,1280,720,10_,620,26,808,287
10_160.jpg,1280,720,10,752,358,1001,498
10_64.jpg,1280,720,10,715,274,1024,594
10_148.jpg,1280,720,10,589,300,844,420
10__55.jpg,1280,720,10_,683,128,1009,242
50_4.jpg,1280,720,50,519,278,785,410
10__41.jpg,1280,720,10_,682,84,978,261
100__11.jpg,1280,720,100_,343,174,1123,551
10_70.jpg,1280,720,10,572,281,925,561
100__155.jpg,1280,720,100_,633,352,1004,581
100__141.jpg,1280,720,100_,767,237,1005,433
20_38.jpg,1280,720,20,727,352,1070,460
20_10.jpg,1280,720,20,722,272,1009,447
1000__33.jpg,1280,720,1000_,508,138,975,253
1000__27.jpg,1280,720,1000_,923,84,1034,263
500__114.jpg,1280,720,500_,427,370,730,526
1000_112.jpg,1280,720,1000,75,138,1267,665
1000_106.jpg,1280,720,1000,691,293,1051,491
500__100.jpg,1280,720,500_,821,204,941,346
50_93.jpg,1280,720,50,537,2,996,436
50_87.jpg,1280,720,50,461,234,718,526
50_78.jpg,1280,720,50,724,292,1017,453
50_50.jpg,1280,720,50,681,253,1064,525
50_44.jpg,1280,720,50,706,191,1086,395
50_45.jpg,1280,720,50,692,202,1087,402
50_51.jpg,1280,720,50,664,292,1042,505
50_79.jpg,1280,720,50,641,235,1144,473
50_86.jpg,1280,720,50,441,322,828,596
50_92.jpg,1280,720,50,488,1,967,406
500__1.jpg,1280,720,500_,591,196,850,357
1000_107.jpg,1280,720,1000,692,297,1051,495
500__101.jpg,1280,720,500_,845,197,1024,355
500__115.jpg,1280,720,500_,530,310,826,436
1000_113.jpg,1280,720,1000,216,170,1176,610
1000__26.jpg,1280,720,1000_,872,95,1030,254
1000__32.jpg,1280,720,1000_,505,183,968,310
20_11.jpg,1280,720,20,578,220,1005,482
20_39.jpg,1280,720,20,698,272,1241,450
100__140.jpg,1280,720,100_,683,224,921,430
100__154.jpg,1280,720,100_,682,365,969,624
100__10.jpg,1280,720,100_,352,172,1069,530
10__40.jpg,1280,720,10_,1039,132,1162,300
10_71.jpg,1280,720,10,670,253,1004,558
10_65.jpg,1280,720,10,686,261,1001,569
50_5.jpg,1280,720,50,503,270,810,414
10__54.jpg,1280,720,10_,674,127,1006,230
10_149.jpg,1280,720,10,475,385,743,530
10_161.jpg,1280,720,10,525,266,969,578
10_59.jpg,1280,720,10,601,168,849,366
10__68.jpg,1280,720,10_,627,14,852,275
100__38.jpg,1280,720,100_,560,271,882,419
10__83.jpg,1280,720,10_,586,123,741,427
20_126.jpg,1280,720,20,128,61,1205,556
10__97.jpg,1280,720,10_,740,136,918,284
500_22.jpg,1280,720,500,668,235,855,440
20__13.jpg,1280,720,20_,491,142,1124,458
500_36.jpg,1280,720,500,665,160,1075,280
100_28.jpg,1280,720,100,733,255,1127,433
1000_78.jpg,1280,720,1000,683,211,861,360
200_139.jpg,1280,720,200,615,440,840,588
200__24.jpg,1280,720,200_,660,243,799,445
500__83.jpg,1280,720,500_,648,187,819,327
200_90.jpg,1280,720,200,683,269,949,461
50__126.jpg,1280,720,50_,571,436,801,531
50__132.jpg,1280,720,50_,539,379,797,496
200_84.jpg,1280,720,200,612,120,924,290
500__97.jpg,1280,720,500_,715,242,876,355
200__30.jpg,1280,720,200_,673,281,1082,513
1000_44.jpg,1280,720,1000,718,107,970,500
100_14.jpg,1280,720,100,597,143,846,300
200_105.jpg,1280,720,200,801,361,1101,532
200__18.jpg,1280,720,200_,711,300,954,440
100_7.jpg,1280,720,100,484,258,873,499
50__89.jpg,1280,720,50_,648,259,779,331
1000_50.jpg,1280,720,1000,496,378,1010,677
200_111.jpg,1280,720,200,557,335,850,488
500__40.jpg,1280,720,500_,620,195,1049,368
200_53.jpg,1280,720,200,653,275,1149,562
50__76.jpg,1280,720,50_,709,293,899,432
20__142.jpg,1280,720,20_,669,359,974,590
200_47.jpg,1280,720,200,694,297,1117,459
50__62.jpg,1280,720,50_,580,343,882,573
20__156.jpg,1280,720,20_,99,90,1158,635
500__54.jpg,1280,720,500_,568,113,837,343
1000_87.jpg,1280,720,1000,791,324,932,450
50_157.jpg,1280,720,50,569,345,720,547
50_143.jpg,1280,720,50,757,403,1047,583
500__68.jpg,1280,720,500_,525,240,895,590
1000_93.jpg,1280,720,1000,724,189,1046,472
500__71.jpg,1280,720,500_,554,267,895,424
50__47.jpg,1280,720,50_,650,180,992,329
200_62.jpg,1280,720,200,912,261,1094,651
20__3.jpg,1280,720,20_,695,274,955,402
50__53.jpg,1280,720,50_,613,451,919,583
200_76.jpg,1280,720,200,675,116,898,461
500__65.jpg,1280,720,500_,774,158,946,473
500__59.jpg,1280,720,500_,625,130,890,299
200__15.jpg,1280,720,200_,85,81,1241,533
1000_49.jpg,1280,720,1000,451,346,941,670
100_19.jpg,1280,720,100,571,113,681,286
200_108.jpg,1280,720,200,811,233,1043,494
50__117.jpg,1280,720,50_,652,224,968,587
1000__112.jpg,1280,720,1000_,328,394,746,586
50__84.jpg,1280,720,50_,632,239,799,385
1000__106.jpg,1280,720,1000_,625,329,919,458
50__90.jpg,1280,720,50_,635,214,779,293
50__103.jpg,1280,720,50_,743,124,923,315
200__29.jpg,1280,720,200_,717,279,1127,507
100_25.jpg,1280,720,100,882,94,1066,313
1000_75.jpg,1280,720,1000,665,251,839,405
200_134.jpg,1280,720,200,718,242,979,468
200_89.jpg,1280,720,200,720,261,1070,510
100_31.jpg,1280,720,100,721,161,1102,261
1000_61.jpg,1280,720,1000,671,15,997,275
200_120.jpg,1280,720,200,723,413,943,671
10_83.jpg,1280,720,10,707,452,996,629
20_117.jpg,1280,720,20,570,373,838,615
10__147.jpg,1280,720,10_,425,393,702,537
10_97.jpg,1280,720,10,796,281,989,462
20_103.jpg,1280,720,20,565,396,873,594
10__153.jpg,1280,720,10_,715,278,985,469
500_13.jpg,1280,720,500,728,76,864,377
20__36.jpg,1280,720,20_,880,247,1142,475
20__22.jpg,1280,720,20_,790,266,998,442
10__71.jpg,1280,720,10_,572,91,782,322
100__21.jpg,1280,720,100_,556,181,681,319
10_40.jpg,1280,720,10,657,232,879,322
10_54.jpg,1280,720,10,652,180,889,275
10__65.jpg,1280,720,10_,663,136,1021,307
100__35.jpg,1280,720,100_,615,114,762,278
100_100.jpg,1280,720,100,566,237,731,366
10_150.jpg,1280,720,10,575,351,830,478
20_1.jpg,1280,720,20,711,345,930,472
10_68.jpg,1280,720,10,579,311,937,495
100_114.jpg,1280,720,100,23,55,1236,600
10_144.jpg,1280,720,10,640,272,841,362
50_8.jpg,1280,720,50,405,261,854,470
10__59.jpg,1280,720,10_,727,217,1138,407
20_34.jpg,1280,720,20,720,345,1079,506
100__159.jpg,1280,720,100_,101,108,1247,595
20_20.jpg,1280,720,20,975,180,1186,386
500__124.jpg,1280,720,500_,5,3,1280,597
1000__17.jpg,1280,720,1000_,584,108,757,316
100__6.jpg,1280,720,100_,449,223,829,444
500_2.jpg,1280,720,500,702,141,1000,292
500__118.jpg,1280,720,500_,540,353,875,529
200__157.jpg,1280,720,200_,608,322,773,466
50_74.jpg,1280,720,50,815,175,978,476
200__143.jpg,1280,720,200_,57,26,1195,700
50_60.jpg,1280,720,50,671,159,962,440
50_48.jpg,1280,720,50,696,224,1098,482
50_49.jpg,1280,720,50,686,253,1095,496
50_61.jpg,1280,720,50,661,140,966,468
200__142.jpg,1280,720,200_,192,79,1202,636
50_75.jpg,1280,720,50,796,152,994,483
200__156.jpg,1280,720,200_,701,310,783,449
500__119.jpg,1280,720,500_,349,477,670,650
100__7.jpg,1280,720,100_,410,219,883,480
1000__16.jpg,1280,720,1000_,597,104,808,316
500_3.jpg,1280,720,500,720,90,992,282
20_21.jpg,1280,720,20,1030,182,1190,373
100__158.jpg,1280,720,100_,182,95,1266,633
20_35.jpg,1280,720,20,721,355,1080,504
10_69.jpg,1280,720,10,588,230,930,456
10__58.jpg,1280,720,10_,721,181,1133,368
50_9.jpg,1280,720,50,383,223,880,479
10_145.jpg,1280,720,10,663,259,878,410
100_115.jpg,1280,720,100,81,53,1236,593
10_151.jpg,1280,720,10,637,320,883,426
100_101.jpg,1280,720,100,559,343,752,484
10_55.jpg,1280,720,10,606,177,973,295
100__34.jpg,1280,720,100_,572,127,778,297
10__64.jpg,1280,720,10_,666,311,1011,455
100__20.jpg,1280,720,100_,550,188,688,317
10__70.jpg,1280,720,10_,624,40,775,300
10_41.jpg,1280,720,10,654,210,883,278
20__23.jpg,1280,720,20_,809,262,976,440
20__37.jpg,1280,720,20_,908,233,1155,478
500_12.jpg,1280,720,500,706,174,1020,232
10__152.jpg,1280,720,10_,538,155,973,477
20_102.jpg,1280,720,20,563,420,888,598
10_96.jpg,1280,720,10,828,298,1092,507
10__146.jpg,1280,720,10_,596,227,799,382
20_116.jpg,1280,720,20,543,422,824,646
10_82.jpg,1280,720,10,725,400,1027,619
200_88.jpg,1280,720,200,770,100,1017,442
1000_60.jpg,1280,720,1000,671,13,965,300
100_30.jpg,1280,720,100,725,133,1123,259
200_135.jpg,1280,720,200,525,427,815,572
1000_74.jpg,1280,720,1000,819,237,991,361
100_24.jpg,1280,720,100,815,97,1054,322
200__28.jpg,1280,720,200_,827,252,943,453
50__102.jpg,1280,720,50_,632,209,792,351
50__91.jpg,1280,720,50_,649,143,803,259
1000__107.jpg,1280,720,1000_,593,233,897,504
200_109.jpg,1280,720,200,856,166,1117,524
100_18.jpg,1280,720,100,580,118,706,281
1000_48.jpg,1280,720,1000,516,196,988,609
200__14.jpg,1280,720,200_,91,98,1217,537
50__85.jpg,1280,720,50_,663,243,830,393
1000__113.jpg,1280,720,1000_,494,308,860,541
50__116.jpg,1280,720,50_,589,269,947,575
500__58.jpg,1280,720,500_,613,160,888,299
200_77.jpg,1280,720,200,583,208,737,532
50__52.jpg,1280,720,50_,610,397,927,553
20__2.jpg,1280,720,20_,725,294,962,405
500__64.jpg,1280,720,500_,778,153,989,493
500__70.jpg,1280,720,500_,413,447,910,716
200_63.jpg,1280,720,200,898,293,1172,708
50__46.jpg,1280,720,50_,651,160,986,307
500__66.jpg,1280,720,500_,692,190,899,500
50__50.jpg,1280,720,50_,615,314,954,470
200_75.jpg,1280,720,200,647,137,995,493
50__44.jpg,1280,720,50_,623,187,932,284
200_61.jpg,1280,720,200,856,219,1083,601
50_159.jpg,1280,720,50,594,353,1017,678
1000_89.jpg,1280,720,1000,718,308,1039,451
500__72.jpg,1280,720,500_,760,213,965,383
20__158.jpg,1280,720,20_,85,40,1198,602
200_49.jpg,1280,720,200,702,245,1201,404
50__78.jpg,1280,720,50_,703,293,868,447
1000__105.jpg,1280,720,1000_,466,341,787,505
50__93.jpg,1280,720,50_,665,69,893,267
50__100.jpg,1280,720,50_,624,200,813,353
100_9.jpg,1280,720,100,515,133,1069,429
50__114.jpg,1280,720,50_,565,201,822,424
1000__111.jpg,1280,720,1000_,645,270,940,460
50__87.jpg,1280,720,50_,703,283,826,344
200__16.jpg,1280,720,200_,699,311,1004,445
500__99.jpg,1280,720,500_,819,199,926,330
1000_62.jpg,1280,720,1000,673,32,1016,277
100_32.jpg,1280,720,100,746,161,1105,242
200_123.jpg,1280,720,200,562,310,863,462
50__128.jpg,1280,720,50_,567,357,663,551
1000_76.jpg,1280,720,1000,709,223,877,373
100_26.jpg,1280,720,100,744,108,967,311
200_137.jpg,1280,720,200,723,437,986,617
20_100.jpg,1280,720,20,732,262,1010,467
10_94.jpg,1280,720,10,862,317,1092,522
500_38.jpg,1280,720,500,495,142,805,301
10__150.jpg,1280,720,10_,559,226,1038,514
20_114.jpg,1280,720,20,680,389,945,522
10_80.jpg,1280,720,10,686,322,946,549
10__144.jpg,1280,720,10_,466,311,705,435
10__99.jpg,1280,720,10_,694,117,844,304
20__21.jpg,1280,720,20_,787,267,1020,450
20_128.jpg,1280,720,20,95,65,1275,635
500_10.jpg,1280,720,500,595,321,872,474
20__35.jpg,1280,720,20_,874,235,1155,470
100__36.jpg,1280,720,100_,692,100,778,253
10__66.jpg,1280,720,10_,652,56,886,256
10_57.jpg,1280,720,10,634,194,991,297
10_43.jpg,1280,720,10,698,251,938,348
100__22.jpg,1280,720,100_,575,153,676,293
10__72.jpg,1280,720,10_,708,139,914,443
10_147.jpg,1280,720,10,528,381,762,584
20_2.jpg,1280,720,20,727,345,956,464
10_153.jpg,1280,720,10,431,488,683,629
100_103.jpg,1280,720,100,741,385,981,552
20_23.jpg,1280,720,20,930,89,1244,372
20_37.jpg,1280,720,20,730,361,1076,482
1000__28.jpg,1280,720,1000_,522,216,965,401
500_1.jpg,1280,720,500,689,108,881,280
1000__14.jpg,1280,720,1000_,604,136,860,327
100__5.jpg,1280,720,100_,458,215,814,417
1000_109.jpg,1280,720,1000,509,222,829,508
50_88.jpg,1280,720,50,465,157,736,490
200__140.jpg,1280,720,200_,156,135,1277,605
50_63.jpg,1280,720,50,648,147,976,521
200__154.jpg,1280,720,200_,644,339,786,461
50_77.jpg,1280,720,50,738,181,1026,489
50_76.jpg,1280,720,50,775,145,1012,495
200__155.jpg,1280,720,200_,640,332,783,465
50_62.jpg,1280,720,50,654,148,978,485
200__141.jpg,1280,720,200_,219,175,1251,574
50_89.jpg,1280,720,50,407,230,791,547
1000_108.jpg,1280,720,1000,575,378,874,637
100__4.jpg,1280,720,100_,475,203,799,392
1000__15.jpg,1280,720,1000_,600,116,834,315
1000__29.jpg,1280,720,1000_,526,193,980,370
20_36.jpg,1280,720,20,732,360,1083,493
20_22.jpg,1280,720,20,1036,185,1169,375
100_102.jpg,1280,720,100,586,340,840,516
10_152.jpg,1280,720,10,695,308,891,458
10_146.jpg,1280,720,10,535,319,781,460
20_3.jpg,1280,720,20,673,276,936,411
10_42.jpg,1280,720,10,650,188,885,262
10__73.jpg,1280,720,10_,699,151,843,469
100__23.jpg,1280,720,100_,588,143,657,275
10__67.jpg,1280,720,10_,631,37,866,268
100__37.jpg,1280,720,100_,650,101,850,262
10_56.jpg,1280,720,10,611,240,959,324
20__34.jpg,1280,720,20_,865,231,1175,477
500_11.jpg,1280,720,500,666,115,903,445
20_129.jpg,1280,720,20,130,145,1208,656
10__98.jpg,1280,720,10_,672,146,849,300
20__20.jpg,1280,720,20_,784,274,1035,450
10__145.jpg,1280,720,10_,543,303,802,423
10_81.jpg,1280,720,10,702,348,986,574
20_115.jpg,1280,720,20,735,353,995,527
10__151.jpg,1280,720,10_,578,214,921,430
500_39.jpg,1280,720,500,708,132,934,318
10_95.jpg,1280,720,10,847,327,1105,532
20_101.jpg,1280,720,20,555,456,855,612
50__129.jpg,1280,720,50_,479,290,646,574
200_136.jpg,1280,720,200,615,432,931,597
100_27.jpg,1280,720,100,773,106,956,310
1000_77.jpg,1280,720,1000,702,204,890,350
200_122.jpg,1280,720,200,565,368,870,487
100_33.jpg,1280,720,100,766,156,1120,226
1000_63.jpg,1280,720,1000,491,54,1092,322
500__98.jpg,1280,720,500_,776,216,909,329
50__86.jpg,1280,720,50_,719,242,862,361
1000__110.jpg,1280,720,1000_,635,294,929,461
50__115.jpg,1280,720,50_,547,350,878,525
100_8.jpg,1280,720,100,597,136,1046,375
200__17.jpg,1280,720,200_,702,311,985,445
50__101.jpg,1280,720,50_,636,201,825,338
50__92.jpg,1280,720,50_,650,106,813,243
1000__104.jpg,1280,720,1000_,656,251,1024,440
50__79.jpg,1280,720,50_,686,299,844,444
200_48.jpg,1280,720,200,704,275,1205,448
50_158.jpg,1280,720,50,577,311,738,541
200_60.jpg,1280,720,200,785,152,1079,536
50__45.jpg,1280,720,50_,626,184,914,273
500__73.jpg,1280,720,500_,789,183,1005,353
1000_88.jpg,1280,720,1000,788,321,886,476
500__67.jpg,1280,720,500_,561,251,907,584
200_74.jpg,1280,720,200,586,111,992,452
50__51.jpg,1280,720,50_,620,340,951,503
20__1.jpg,1280,720,20_,748,342,964,477
50__69.jpg,1280,720,50_,439,249,653,476
20__149.jpg,1280,720,20_,582,369,950,670
50_160.jpg,1280,720,50,4,34,1280,658
200_58.jpg,1280,720,200,705,107,1112,594
20__5.jpg,1280,720,20_,675,281,943,421
50__55.jpg,1280,720,50_,678,289,942,448
50_148.jpg,1280,720,50,578,388,870,548
200_70.jpg,1280,720,200,773,224,1157,558
500__63.jpg,1280,720,500_,775,163,1032,477
1000_98.jpg,1280,720,1000,489,337,782,477
500__77.jpg,1280,720,500_,293,171,595,460
50__41.jpg,1280,720,50_,593,282,900,408
200_64.jpg,1280,720,200,818,297,1196,694
50__139.jpg,1280,720,50_,551,340,869,541
200_126.jpg,1280,720,200,657,422,925,622
1000_67.jpg,1280,720,1000,712,299,823,417
100_37.jpg,1280,720,100,659,252,1089,374
200_132.jpg,1280,720,200,683,332,979,578
1000_73.jpg,1280,720,1000,818,277,976,400
100_23.jpg,1280,720,100,767,103,1056,307
500__88.jpg,1280,720,500_,665,187,854,352
1000__100.jpg,1280,720,1000_,643,190,1025,455
50__96.jpg,1280,720,50_,588,144,894,418
50__105.jpg,1280,720,50_,722,212,851,338
200__13.jpg,1280,720,200_,157,85,1209,503
50__111.jpg,1280,720,50_,679,118,825,237
1000__114.jpg,1280,720,1000_,604,260,947,442
50__82.jpg,1280,720,50_,654,250,782,379
20__24.jpg,1280,720,20_,731,173,1043,432
10__88.jpg,1280,720,10_,488,216,730,397
500_15.jpg,1280,720,500,561,158,858,353
20__30.jpg,1280,720,20_,735,335,1039,520
20_105.jpg,1280,720,20,657,344,940,534
10_91.jpg,1280,720,10,740,303,905,426
20__18.jpg,1280,720,20_,722,271,998,425
10__155.jpg,1280,720,10_,56,36,1238,611
500_29.jpg,1280,720,500,473,274,807,405
20_111.jpg,1280,720,20,610,417,890,554
10_85.jpg,1280,720,10,605,227,805,437
10__141.jpg,1280,720,10_,485,314,750,466
20_7.jpg,1280,720,20,622,198,1068,420
10_142.jpg,1280,720,10,630,304,830,397
100_112.jpg,1280,720,100,570,277,850,420
10_156.jpg,1280,720,10,536,361,802,487
100_106.jpg,1280,720,100,528,336,801,466
10_52.jpg,1280,720,10,533,232,931,378
100__33.jpg,1280,720,100_,553,132,788,306
10__63.jpg,1280,720,10_,773,388,1152,520
100__27.jpg,1280,720,100_,530,145,807,300
10__77.jpg,1280,720,10_,567,333,940,552
10_46.jpg,1280,720,10,552,151,798,282
20_26.jpg,1280,720,20,749,284,1077,461
20_32.jpg,1280,720,20,1055,257,1258,394
1000_118.jpg,1280,720,1000,424,429,807,566
1000__11.jpg,1280,720,1000_,160,55,1270,585
500_4.jpg,1280,720,500,701,110,935,279
500__122.jpg,1280,720,500_,414,384,755,546
1000__39.jpg,1280,720,1000_,515,272,945,464
50_99.jpg,1280,720,50,832,263,1011,454
200__145.jpg,1280,720,200_,457,223,1228,637
50_66.jpg,1280,720,50,594,168,907,609
200__151.jpg,1280,720,200_,631,264,944,493
50_72.jpg,1280,720,50,785,223,1026,540
50_73.jpg,1280,720,50,789,197,994,517
200__150.jpg,1280,720,200_,581,279,954,582
50_67.jpg,1280,720,50,584,160,891,608
200__144.jpg,1280,720,200_,21,1,1276,720
50_98.jpg,1280,720,50,782,247,949,439
500__123.jpg,1280,720,500_,381,282,730,495
1000__38.jpg,1280,720,1000_,520,225,931,427
100__1.jpg,1280,720,100_,568,173,791,327
1000__10.jpg,1280,720,1000_,331,155,1087,535
500_5.jpg,1280,720,500,804,112,950,282
1000_119.jpg,1280,720,1000,203,343,999,656
20_33.jpg,1280,720,20,732,339,1085,509
20_27.jpg,1280,720,20,827,249,1095,433
10__76.jpg,1280,720,10_,550,284,879,579
100__26.jpg,1280,720,100_,525,140,775,297
10_47.jpg,1280,720,10,534,135,799,275
10_53.jpg,1280,720,10,540,252,920,384
10__62.jpg,1280,720,10_,744,385,1163,524
100__32.jpg,1280,720,100_,537,129,799,300
100_107.jpg,1280,720,100,604,285,866,414
10_157.jpg,1280,720,10,618,342,881,462
20_6.jpg,1280,720,20,635,215,1016,418
100_113.jpg,1280,720,100,647,236,933,375
10_143.jpg,1280,720,10,634,310,838,387
10__140.jpg,1280,720,10_,447,294,731,495
10_84.jpg,1280,720,10,675,481,966,619
20_110.jpg,1280,720,20,597,450,875,585
500_28.jpg,1280,720,500,665,206,1032,365
10__154.jpg,1280,720,10_,131,36,1266,613
20__19.jpg,1280,720,20_,773,264,1053,435
10_90.jpg,1280,720,10,715,288,905,401
20_104.jpg,1280,720,20,620,420,897,564
10__89.jpg,1280,720,10_,534,249,778,388
20__31.jpg,1280,720,20_,753,329,1054,478
500_14.jpg,1280,720,500,681,30,1059,190
20__25.jpg,1280,720,20_,746,155,1038,427
200__12.jpg,1280,720,200_,238,91,1234,503
50__83.jpg,1280,720,50_,656,240,789,381
1000__115.jpg,1280,720,1000_,260,281,933,600
50__110.jpg,1280,720,50_,662,108,816,243
50__104.jpg,1280,720,50_,751,189,902,343
50__97.jpg,1280,720,50_,574,125,874,396
1000__101.jpg,1280,720,1000_,595,189,940,352
500__89.jpg,1280,720,500_,720,184,880,345
100_22.jpg,1280,720,100,723,62,972,251
1000_72.jpg,1280,720,1000,694,260,874,391
200_133.jpg,1280,720,200,515,272,808,485
50__138.jpg,1280,720,50_,401,167,888,498
100_36.jpg,1280,720,100,650,220,1072,358
1000_66.jpg,1280,720,1000,709,301,848,431
200_127.jpg,1280,720,200,743,424,950,646
500__76.jpg,1280,720,500_,740,67,1175,444
200_65.jpg,1280,720,200,767,361,1224,590
50__40.jpg,1280,720,50_,590,303,902,444
200_71.jpg,1280,720,200,488,304,859,549
50_149.jpg,1280,720,50,591,382,864,554
50__54.jpg,1280,720,50_,683,333,939,453
20__4.jpg,1280,720,20_,679,281,950,416
1000_99.jpg,1280,720,1000,603,154,890,316
500__62.jpg,1280,720,500_,754,222,1070,475
200_59.jpg,1280,720,200,718,165,1118,577
50_161.jpg,1280,720,50,3,1,1280,676
20__148.jpg,1280,720,20_,582,413,891,666
50__68.jpg,1280,720,50_,433,257,620,492
500__48.jpg,1280,720,500_,428,143,747,441
50__42.jpg,1280,720,50_,626,261,893,345
200_67.jpg,1280,720,200,749,323,1280,624
500__74.jpg,1280,720,500_,733,210,931,340
500__60.jpg,1280,720,500_,655,103,924,304
20__6.jpg,1280,720,20_,662,277,946,420
50__56.jpg,1280,720,50_,667,266,928,450
200_73.jpg,1280,720,200,520,162,967,464
200_98.jpg,1280,720,200,775,319,1073,535
200_131.jpg,1280,720,200,656,324,962,587
100_20.jpg,1280,720,100,577,106,916,289
1000_70.jpg,1280,720,1000,670,267,798,410
200__38.jpg,1280,720,200_,876,216,1089,448
200_125.jpg,1280,720,200,752,197,933,442
100_34.jpg,1280,720,100,657,179,1059,329
1000_64.jpg,1280,720,1000,477,76,965,430
50__112.jpg,1280,720,50_,687,125,845,239
1000__117.jpg,1280,720,1000_,451,166,1171,630
50__81.jpg,1280,720,50_,658,310,843,453
200__10.jpg,1280,720,200_,399,177,1147,469
200_119.jpg,1280,720,200,692,262,902,494
1000_58.jpg,1280,720,1000,675,9,906,303
1000__103.jpg,1280,720,1000_,605,222,994,468
50__95.jpg,1280,720,50_,713,231,1044,502
50__106.jpg,1280,720,50_,721,237,841,347
500_16.jpg,1280,720,500,485,140,750,312
20__33.jpg,1280,720,20_,830,248,1150,475
20__27.jpg,1280,720,20_,832,271,970,449
10_86.jpg,1280,720,10,652,237,846,430
20_112.jpg,1280,720,20,627,386,914,540
10__142.jpg,1280,720,10_,575,217,827,420
10_92.jpg,1280,720,10,798,278,943,449
20_106.jpg,1280,720,20,648,435,797,591
10__156.jpg,1280,720,10_,18,13,1280,622
10_79.jpg,1280,720,10,683,313,931,540
100_105.jpg,1280,720,100,488,323,741,443
10_155.jpg,1280,720,10,559,343,814,451
100__18.jpg,1280,720,100_,540,188,746,327
10__48.jpg,1280,720,10_,769,56,1149,255
100_111.jpg,1280,720,100,446,355,740,498
10_141.jpg,1280,720,10,523,306,930,608
20_4.jpg,1280,720,20,653,255,955,410
10_45.jpg,1280,720,10,692,236,944,323
10__74.jpg,1280,720,10_,623,182,866,503
100__24.jpg,1280,720,100_,541,151,728,293
10__60.jpg,1280,720,10_,733,272,1152,448
100__30.jpg,1280,720,100_,520,152,825,306
10_51.jpg,1280,720,10,535,194,917,340
20_19.jpg,1280,720,20,930,196,1160,420
20_31.jpg,1280,720,20,1001,145,1250,413
100__148.jpg,1280,720,100_,620,262,824,466
20_25.jpg,1280,720,20,751,233,1073,416
500__109.jpg,1280,720,500_,674,331,949,556
500_7.jpg,1280,720,500,694,138,1003,415
1000__12.jpg,1280,720,1000_,605,139,919,321
100__3.jpg,1280,720,100_,490,171,778,344
500__121.jpg,1280,720,500_,532,367,867,540
500__9.jpg,1280,720,500_,231,73,1219,505
50_59.jpg,1280,720,50,685,171,971,431
200__152.jpg,1280,720,200_,621,301,915,479
50_71.jpg,1280,720,50,782,234,1035,552
200__146.jpg,1280,720,200_,486,275,1130,555
50_65.jpg,1280,720,50,597,159,916,580
50_64.jpg,1280,720,50,621,141,958,543
200__147.jpg,1280,720,200_,533,285,1012,498
50_70.jpg,1280,720,50,494,247,815,720
200__153.jpg,1280,720,200_,465,290,773,603
50_58.jpg,1280,720,50,612,175,978,421
500__8.jpg,1280,720,500_,305,152,1095,506
500__120.jpg,1280,720,500_,440,421,766,577
500_6.jpg,1280,720,500,790,106,936,285
500__108.jpg,1280,720,500_,542,315,1032,570
100__2.jpg,1280,720,100_,526,157,781,313
1000__13.jpg,1280,720,1000_,604,132,901,323
20_24.jpg,1280,720,20,715,260,1044,455
100__149.jpg,1280,720,100_,686,237,896,458
20_30.jpg,1280,720,20,940,135,1230,412
20_18.jpg,1280,720,20,707,247,939,446
100__31.jpg,1280,720,100_,520,130,808,291
10__61.jpg,1280,720,10_,737,349,1154,500
10_50.jpg,1280,720,10,557,190,918,324
10_44.jpg,1280,720,10,685,227,953,349
100__25.jpg,1280,720,100_,534,146,737,298
10__75.jpg,1280,720,10_,573,236,865,540
10_140.jpg,1280,720,10,618,340,834,477
100_110.jpg,1280,720,100,638,243,885,365
20_5.jpg,1280,720,20,641,236,984,413
10_78.jpg,1280,720,10,679,278,828,516
10__49.jpg,1280,720,10_,967,77,1140,274
100__19.jpg,1280,720,100_,537,194,711,324
10_154.jpg,1280,720,10,488,406,750,519
100_104.jpg,1280,720,100,737,329,957,511
20_107.jpg,1280,720,20,673,374,886,590
10_93.jpg,1280,720,10,863,291,1037,481
10__143.jpg,1280,720,10_,466,294,709,413
20_113.jpg,1280,720,20,656,396,922,540
10_87.jpg,1280,720,10,708,239,898,410
20__26.jpg,1280,720,20_,769,155,1029,415
20__32.jpg,1280,720,20_,778,270,1105,466
500_17.jpg,1280,720,500,545,198,863,374
1000_59.jpg,1280,720,1000,681,1,940,287
200_118.jpg,1280,720,200,902,175,1157,465
50__107.jpg,1280,720,50_,655,157,800,292
50__94.jpg,1280,720,50_,687,57,947,275
1000__102.jpg,1280,720,1000_,637,174,975,331
50__80.jpg,1280,720,50_,677,311,847,456
1000__116.jpg,1280,720,1000_,212,258,866,635
50__113.jpg,1280,720,50_,548,238,787,450
200__11.jpg,1280,720,200_,305,158,1169,551
1000_65.jpg,1280,720,1000,645,263,805,401
100_35.jpg,1280,720,100,659,193,1072,342
200_124.jpg,1280,720,200,607,211,888,423
200__39.jpg,1280,720,200_,943,214,1105,436
200_99.jpg,1280,720,200,789,327,1105,579
1000_71.jpg,1280,720,1000,673,259,814,408
100_21.jpg,1280,720,100,615,98,934,274
200_130.jpg,1280,720,200,521,235,843,471
500__61.jpg,1280,720,500_,656,100,930,301
200_72.jpg,1280,720,200,431,310,931,532
50__57.jpg,1280,720,50_,654,251,912,458
20__7.jpg,1280,720,20_,653,268,953,430
200_66.jpg,1280,720,200,801,372,1186,543
50__43.jpg,1280,720,50_,628,195,912,302
500__75.jpg,1280,720,500_,716,74,1178,449
50_162.jpg,1280,720,50,136,59,1233,561
500__49.jpg,1280,720,500_,474,86,715,400
50__24.jpg,1280,720,50_,473,165,810,422
20__110.jpg,1280,720,20_,610,68,1070,355
50_139.jpg,1280,720,50,674,103,1066,456
500__12.jpg,1280,720,500_,595,207,920,403
50__30.jpg,1280,720,50_,689,212,1006,426
20__104.jpg,1280,720,20_,689,246,893,458
200_15.jpg,1280,720,200,702,223,838,408
50__18.jpg,1280,720,50_,618,251,852,403
50_105.jpg,1280,720,50,864,424,1019,513
100_85.jpg,1280,720,100,618,64,867,277
200__89.jpg,1280,720,200_,702,182,1060,424
100_91.jpg,1280,720,100,695,220,870,384
200_180.jpg,1280,720,200,520,313,707,500
20__138.jpg,1280,720,20_,606,345,921,522
200_29.jpg,1280,720,200,709,213,907,346
50_111.jpg,1280,720,50,853,277,1040,441
200__76.jpg,1280,720,200_,669,349,1141,642
200__62.jpg,1280,720,200_,786,352,1202,555
1000_16.jpg,1280,720,1000,626,138,779,309
100_46.jpg,1280,720,100,696,113,1057,445
200_157.jpg,1280,720,200,609,371,763,493
100_52.jpg,1280,720,100,565,129,946,456
200_143.jpg,1280,720,200,531,416,902,632
10__124.jpg,1280,720,10_,681,187,859,361
20__69.jpg,1280,720,20_,719,450,1047,623
100__81.jpg,1280,720,100_,452,240,652,397
100__95.jpg,1280,720,100_,659,111,821,251
500_58.jpg,1280,720,500,616,219,932,456
10__130.jpg,1280,720,10_,620,132,879,339
500_70.jpg,1280,720,500,772,164,966,375
10__118.jpg,1280,720,10_,804,206,960,335
20__55.jpg,1280,720,20_,735,398,1052,530
500_64.jpg,1280,720,500,749,119,960,351
20__41.jpg,1280,720,20_,764,305,968,493
10_23.jpg,1280,720,10,705,117,859,272
100__42.jpg,1280,720,100_,620,177,885,287
10__12.jpg,1280,720,10_,341,58,1238,498
100__56.jpg,1280,720,100_,599,214,859,533
10_37.jpg,1280,720,10,824,213,1005,375
50__8.jpg,1280,720,50_,499,271,837,432
20__96.jpg,1280,720,20_,705,317,1012,557
10_133.jpg,1280,720,10,857,198,1047,391
10_127.jpg,1280,720,10,737,261,907,426
20__82.jpg,1280,720,20_,707,293,996,581
20_57.jpg,1280,720,20,609,115,895,447
20_43.jpg,1280,720,20,720,246,1057,450
20_94.jpg,1280,720,20,609,209,941,445
1000__9.jpg,1280,720,1000_,340,156,1029,468
1000__48.jpg,1280,720,1000_,568,227,838,576
20_80.jpg,1280,720,20,667,342,1003,647
1000__74.jpg,1280,720,1000_,816,215,1031,400
1000__60.jpg,1280,720,1000_,657,186,917,340
200_9.jpg,1280,720,200,212,46,1178,627
200__134.jpg,1280,720,200_,672,482,996,640
50_17.jpg,1280,720,50,589,291,883,446
200__120.jpg,1280,720,200_,583,452,934,608
200__108.jpg,1280,720,200_,772,403,1141,636
200__109.jpg,1280,720,200_,752,407,1173,649
200__121.jpg,1280,720,200_,537,439,941,620
10__1.jpg,1280,720,10_,796,85,1045,243
50_16.jpg,1280,720,50,617,312,868,448
200__135.jpg,1280,720,200_,705,440,1044,611
200_8.jpg,1280,720,200,170,65,1280,551
1000__61.jpg,1280,720,1000_,735,230,925,412
1000__75.jpg,1280,720,1000_,793,170,1030,384
20_81.jpg,1280,720,20,677,347,915,541
20_95.jpg,1280,720,20,699,142,972,454
1000__49.jpg,1280,720,1000_,515,280,831,598
1000__8.jpg,1280,720,1000_,354,146,910,440
20_42.jpg,1280,720,20,532,420,801,566
20_56.jpg,1280,720,20,559,210,902,529
10_126.jpg,1280,720,10,798,261,898,410
20__83.jpg,1280,720,20_,808,291,1041,606
20__97.jpg,1280,720,20_,734,323,1069,494
50__9.jpg,1280,720,50_,480,247,861,426
10_132.jpg,1280,720,10,801,213,982,390
100__57.jpg,1280,720,100_,578,240,849,524
10_36.jpg,1280,720,10,737,204,931,364
10_22.jpg,1280,720,10,621,190,760,342
10__13.jpg,1280,720,10_,688,94,927,242
100__43.jpg,1280,720,100_,621,166,898,235
20__40.jpg,1280,720,20_,739,303,966,490
500_65.jpg,1280,720,500,756,141,874,314
20__54.jpg,1280,720,20_,733,405,1055,554
10__119.jpg,1280,720,10_,844,206,995,374
500_71.jpg,1280,720,500,753,159,954,350
100__94.jpg,1280,720,100_,689,269,812,379
10__131.jpg,1280,720,10_,711,104,901,294
500_59.jpg,1280,720,500,766,155,912,306
20__68.jpg,1280,720,20_,711,405,1055,577
10__125.jpg,1280,720,10_,630,211,815,374
100__80.jpg,1280,720,100_,472,233,676,393
200_142.jpg,1280,720,200,605,414,850,561
100_53.jpg,1280,720,100,543,178,952,453
200_156.jpg,1280,720,200,34,40,1231,698
100_47.jpg,1280,720,100,708,48,1024,417
1000_17.jpg,1280,720,1000,562,102,885,322
200__63.jpg,1280,720,200_,898,339,1205,659
200__77.jpg,1280,720,200_,657,361,1160,626
200_181.jpg,1280,720,200,530,358,744,503
100_90.jpg,1280,720,100,756,184,917,345
50_110.jpg,1280,720,50,825,319,978,465
200_28.jpg,1280,720,200,786,210,986,364
20__139.jpg,1280,720,20_,623,367,920,525
50_104.jpg,1280,720,50,887,377,1047,517
50__19.jpg,1280,720,50_,606,250,820,412
200__88.jpg,1280,720,200_,683,203,1030,445
100_84.jpg,1280,720,100,647,102,748,292
200_14.jpg,1280,720,200,670,229,844,420
20__105.jpg,1280,720,20_,671,318,837,576
50__31.jpg,1280,720,50_,750,214,1009,418
50_138.jpg,1280,720,50,679,123,1036,458
20__111.jpg,1280,720,20_,720,4,1252,352
50__25.jpg,1280,720,50_,502,174,907,430
500__13.jpg,1280,720,500_,579,190,914,396
50__33.jpg,1280,720,50_,857,221,1038,398
20__107.jpg,1280,720,20_,674,291,919,499
200_16.jpg,1280,720,200,727,223,831,397
500__11.jpg,1280,720,500_,105,1,1275,534
50__27.jpg,1280,720,50_,535,196,962,437
20__113.jpg,1280,720,20_,677,338,945,580
50_112.jpg,1280,720,50,936,264,1110,420
500__39.jpg,1280,720,500_,624,187,1060,368
100_92.jpg,1280,720,100,638,256,827,410
100_86.jpg,1280,720,100,614,377,799,465
50_106.jpg,1280,720,50,851,437,1020,527
200__61.jpg,1280,720,200_,756,395,1178,539
200__75.jpg,1280,720,200_,698,319,1144,652
1000_29.jpg,1280,720,1000,655,106,1037,238
100_79.jpg,1280,720,100,657,167,800,268
200_168.jpg,1280,720,200,569,377,721,490
100_51.jpg,1280,720,100,604,135,944,536
200_140.jpg,1280,720,200,657,445,946,565
200__49.jpg,1280,720,200_,701,349,1079,501
100_45.jpg,1280,720,100,607,53,865,448
1000_15.jpg,1280,720,1000,619,115,797,312
200_154.jpg,1280,720,200,192,65,1204,627
10__133.jpg,1280,720,10_,521,171,779,416
100__96.jpg,1280,720,100_,727,132,808,256
100__82.jpg,1280,720,100_,531,214,702,365
10__127.jpg,1280,720,10_,653,198,850,333
500_67.jpg,1280,720,500,798,112,936,341
20__42.jpg,1280,720,20_,807,307,973,480
500_73.jpg,1280,720,500,597,172,828,392
20__56.jpg,1280,720,20_,738,397,1040,510
10_34.jpg,1280,720,10,759,184,901,343
500_98.jpg,1280,720,500,687,225,1094,386
10_118.jpg,1280,720,10,789,188,950,358
100__55.jpg,1280,720,100_,670,197,873,536
10__11.jpg,1280,720,10_,404,90,1170,472
100__41.jpg,1280,720,100_,617,191,886,306
10_20.jpg,1280,720,10,636,165,857,313
20__81.jpg,1280,720,20_,727,320,1035,578
10_124.jpg,1280,720,10,715,279,875,430
100__69.jpg,1280,720,100_,552,248,812,442
10__39.jpg,1280,720,10_,946,128,1127,292
10_130.jpg,1280,720,10,699,327,863,508
20__95.jpg,1280,720,20_,697,295,971,590
20_40.jpg,1280,720,20,831,270,1211,457
100__139.jpg,1280,720,100_,656,265,796,379
1000__88.jpg,1280,720,1000_,785,143,934,353
20_54.jpg,1280,720,20,548,329,919,555
200__9.jpg,1280,720,200_,340,217,1043,553
20_68.jpg,1280,720,20,801,294,1073,645
20_83.jpg,1280,720,20,775,305,993,478
20_97.jpg,1280,720,20,609,327,896,527
1000__63.jpg,1280,720,1000_,634,290,808,434
1000__77.jpg,1280,720,1000_,724,165,941,372
200__123.jpg,1280,720,200_,576,279,1104,581
200__137.jpg,1280,720,200_,707,288,882,593
50_14.jpg,1280,720,50,14,61,1221,670
10__3.jpg,1280,720,10_,783,65,1059,246
50_28.jpg,1280,720,50,670,270,967,463
50_29.jpg,1280,720,50,710,279,981,486
10__2.jpg,1280,720,10_,789,71,1054,237
50_15.jpg,1280,720,50,1,33,1270,653
200__136.jpg,1280,720,200_,772,387,1050,595
200__122.jpg,1280,720,200_,538,437,988,651
1000__76.jpg,1280,720,1000_,714,170,951,385
1000__62.jpg,1280,720,1000_,660,296,841,450
20_96.jpg,1280,720,20,640,455,930,720
20_82.jpg,1280,720,20,650,332,897,547
20_69.jpg,1280,720,20,712,381,1136,720
200__8.jpg,1280,720,200_,389,229,1031,513
1000__89.jpg,1280,720,1000_,794,135,942,332
20_55.jpg,1280,720,20,537,300,909,559
100__138.jpg,1280,720,100_,725,282,889,426
20_41.jpg,1280,720,20,815,267,1191,460
10_131.jpg,1280,720,10,721,281,894,435
20__94.jpg,1280,720,20_,645,465,1063,720
20__80.jpg,1280,720,20_,729,337,1050,560
10__38.jpg,1280,720,10_,875,125,1078,290
100__68.jpg,1280,720,100_,530,206,788,452
10_125.jpg,1280,720,10,746,282,869,419
100__40.jpg,1280,720,100_,617,206,888,326
10__10.jpg,1280,720,10_,509,75,1154,416
10_21.jpg,1280,720,10,621,169,804,322
500_99.jpg,1280,720,500,513,189,956,384
10_35.jpg,1280,720,10,782,172,959,324
100__54.jpg,1280,720,100_,724,185,885,519
10_119.jpg,1280,720,10,775,245,957,384
20__57.jpg,1280,720,20_,737,395,1043,507
500_72.jpg,1280,720,500,646,130,873,354
20__43.jpg,1280,720,20_,769,315,995,505
500_66.jpg,1280,720,500,540,199,873,335
100__83.jpg,1280,720,100_,586,224,750,372
10__126.jpg,1280,720,10_,681,178,853,333
10__132.jpg,1280,720,10_,460,289,743,429
100__97.jpg,1280,720,100_,605,219,743,342
200_155.jpg,1280,720,200,52,4,1240,653
1000_14.jpg,1280,720,1000,605,128,834,318
100_44.jpg,1280,720,100,569,52,879,417
200__48.jpg,1280,720,200_,711,362,1089,532
200_141.jpg,1280,720,200,750,393,1002,566
100_50.jpg,1280,720,100,636,132,833,522
200_169.jpg,1280,720,200,573,413,720,503
100_78.jpg,1280,720,100,697,138,836,265
1000_28.jpg,1280,720,1000,655,124,1034,264
200__74.jpg,1280,720,200_,733,327,1136,675
200__60.jpg,1280,720,200_,825,264,1257,468
100_87.jpg,1280,720,100,723,219,902,348
50_107.jpg,1280,720,50,800,332,961,474
50_113.jpg,1280,720,50,908,279,1072,429
100_93.jpg,1280,720,100,699,243,850,407
500__38.jpg,1280,720,500_,617,161,1041,337
500__10.jpg,1280,720,500_,1,3,1277,659
20__112.jpg,1280,720,20_,801,30,1280,393
50__26.jpg,1280,720,50_,510,194,944,448
200_17.jpg,1280,720,200,743,204,841,374
20__106.jpg,1280,720,20_,664,306,872,557
50__32.jpg,1280,720,50_,820,214,1024,403
100_97.jpg,1280,720,100,785,213,959,372
50_117.jpg,1280,720,50,899,226,1077,377
50_103.jpg,1280,720,50,889,338,1075,527
100_83.jpg,1280,720,100,547,62,795,290
500__28.jpg,1280,720,500_,759,106,970,270
20__102.jpg,1280,720,20_,695,375,925,535
50__36.jpg,1280,720,50_,658,170,957,395
200_13.jpg,1280,720,200,625,229,830,411
20__116.jpg,1280,720,20_,865,338,1124,580
50__22.jpg,1280,720,50_,598,246,691,409
500__14.jpg,1280,720,500_,565,183,890,395
500_109.jpg,1280,720,500,335,157,1000,451
200__58.jpg,1280,720,200_,723,282,1179,440
200_145.jpg,1280,720,200,678,403,944,604
100_54.jpg,1280,720,100,547,235,909,451
10_9.jpg,1280,720,10,344,108,950,497
200_151.jpg,1280,720,200,17,78,1240,630
100_40.jpg,1280,720,100,686,316,1072,551
1000_10.jpg,1280,720,1000,146,84,1068,488
200__64.jpg,1280,720,200_,831,330,1241,490
200_179.jpg,1280,720,200,552,330,705,448
1000_38.jpg,1280,720,1000,660,139,1065,306
100_68.jpg,1280,720,100,678,49,962,382
200__70.jpg,1280,720,200_,725,336,969,674
500_62.jpg,1280,720,500,780,140,929,359
20__47.jpg,1280,720,20_,798,306,986,440
500_76.jpg,1280,720,500,740,166,902,315
20__53.jpg,1280,720,20_,739,415,1074,560
100__93.jpg,1280,720,100_,667,278,804,404
10__136.jpg,1280,720,10_,573,240,818,369
10__122.jpg,1280,720,10_,711,216,936,404
100__87.jpg,1280,720,100_,627,269,854,488
10_121.jpg,1280,720,10,682,281,828,403
20__84.jpg,1280,720,20_,805,320,972,603
20__90.jpg,1280,720,20_,673,420,969,664
10_19.jpg,1280,720,10,660,162,918,307
10_135.jpg,1280,720,10,675,326,850,468
100__78.jpg,1280,720,100_,617,184,785,371
10__28.jpg,1280,720,10_,609,120,820,292
100__50.jpg,1280,720,100_,640,237,1020,504
10_31.jpg,1280,720,10,638,137,862,287
500_89.jpg,1280,720,500,685,208,905,400
10_25.jpg,1280,720,10,624,161,743,284
10_109.jpg,1280,720,10,608,308,767,459
10__14.jpg,1280,720,10_,685,84,938,237
100__44.jpg,1280,720,100_,609,164,915,255
100__100.jpg,1280,720,100_,633,265,747,365
20_79.jpg,1280,720,20,686,324,986,613
1000__99.jpg,1280,720,1000_,625,240,1033,496
20_45.jpg,1280,720,20,840,330,1082,547
20_51.jpg,1280,720,20,615,400,1202,559
1000__66.jpg,1280,720,1000_,672,247,849,394
1000__72.jpg,1280,720,1000_,692,233,846,338
20_86.jpg,1280,720,20,760,267,945,430
20_92.jpg,1280,720,20,533,396,865,550
50_39.jpg,1280,720,50,680,305,1027,441
200__126.jpg,1280,720,200_,570,403,928,603
200__132.jpg,1280,720,200_,795,308,1005,600
50_11.jpg,1280,720,50,312,170,939,472
10__6.jpg,1280,720,10_,749,85,1094,287
10__7.jpg,1280,720,10_,723,90,1114,324
50_10.jpg,1280,720,50,350,193,890,467
200__133.jpg,1280,720,200_,646,364,991,604
200__127.jpg,1280,720,200_,583,435,950,613
50_38.jpg,1280,720,50,675,313,1029,467
20_93.jpg,1280,720,20,584,258,909,453
20_87.jpg,1280,720,20,817,269,1055,448
1000__73.jpg,1280,720,1000_,642,222,800,345
1000__67.jpg,1280,720,1000_,700,143,929,341
20_50.jpg,1280,720,20,730,406,1150,524
1000__98.jpg,1280,720,1000_,592,235,986,477
20_44.jpg,1280,720,20,729,274,1077,476
20_78.jpg,1280,720,20,715,295,999,614
100__101.jpg,1280,720,100_,711,201,850,320
10_24.jpg,1280,720,10,692,143,831,287
500_88.jpg,1280,720,500,714,154,905,305
100__45.jpg,1280,720,100_,604,165,952,330
10__15.jpg,1280,720,10_,676,68,946,248
10_108.jpg,1280,720,10,644,311,807,472
100__51.jpg,1280,720,100_,683,182,999,510
10_30.jpg,1280,720,10,604,161,862,298
10_18.jpg,1280,720,10,637,162,866,317
20__91.jpg,1280,720,20_,648,436,956,635
10__29.jpg,1280,720,10_,615,128,793,278
100__79.jpg,1280,720,100_,588,230,744,379
10_134.jpg,1280,720,10,947,200,1115,397
10_120.jpg,1280,720,10,736,249,895,394
20__85.jpg,1280,720,20_,769,410,1056,714
10__123.jpg,1280,720,10_,734,143,943,337
100__86.jpg,1280,720,100_,696,279,912,469
100__92.jpg,1280,720,100_,667,258,820,394
10__137.jpg,1280,720,10_,398,317,686,491
20__52.jpg,1280,720,20_,742,423,1075,584
500_77.jpg,1280,720,500,704,152,905,285
20__46.jpg,1280,720,20_,811,167,1028,400
500_63.jpg,1280,720,500,770,133,1009,367
200__71.jpg,1280,720,200_,756,323,925,713
100_69.jpg,1280,720,100,670,211,888,398
1000_39.jpg,1280,720,1000,661,159,1061,336
200_178.jpg,1280,720,200,579,337,733,443
200__65.jpg,1280,720,200_,854,361,1246,498
1000_11.jpg,1280,720,1000,1,88,1179,636
100_41.jpg,1280,720,100,608,184,966,355
200_150.jpg,1280,720,200,794,375,1056,562
100_55.jpg,1280,720,100,443,281,740,433
200_144.jpg,1280,720,200,521,330,973,574
200__59.jpg,1280,720,200_,809,237,1237,445
10_8.jpg,1280,720,10,369,184,891,455
50__23.jpg,1280,720,50_,439,181,610,418
20__117.jpg,1280,720,20_,874,375,1165,645
500_108.jpg,1280,720,500,420,383,1053,681
500__15.jpg,1280,720,500_,551,170,873,392
200_12.jpg,1280,720,200,576,242,817,407
50__37.jpg,1280,720,50_,778,180,955,461
20__103.jpg,1280,720,20_,694,255,905,464
50_102.jpg,1280,720,50,900,352,1065,545
500__29.jpg,1280,720,500_,822,102,975,247
100_82.jpg,1280,720,100,630,37,815,281
100_96.jpg,1280,720,100,762,200,934,377
50_116.jpg,1280,720,50,908,246,1098,396
100_80.jpg,1280,720,100,673,185,770,312
20__129.jpg,1280,720,20_,716,328,1053,548
50_100.jpg,1280,720,50,871,290,1074,482
200_38.jpg,1280,720,200,517,261,904,358
50_114.jpg,1280,720,50,901,278,1033,426
100_94.jpg,1280,720,100,681,223,870,411
200__98.jpg,1280,720,200_,796,433,1007,582
500__17.jpg,1280,720,500_,590,131,908,336
20__115.jpg,1280,720,20_,616,277,886,536
50__21.jpg,1280,720,50_,598,251,725,409
20__101.jpg,1280,720,20_,692,401,925,542
50__35.jpg,1280,720,50_,812,279,941,390
50_128.jpg,1280,720,50,723,347,883,469
200_10.jpg,1280,720,200,526,243,818,388
200_152.jpg,1280,720,200,109,117,1147,545
1000_13.jpg,1280,720,1000,620,112,890,311
100_43.jpg,1280,720,100,607,68,925,385
200_146.jpg,1280,720,200,675,384,963,590
100_57.jpg,1280,720,100,459,178,738,439
200__73.jpg,1280,720,200_,734,298,1094,684
200__67.jpg,1280,720,200_,756,363,1087,590
500_75.jpg,1280,720,500,753,152,928,309
20__50.jpg,1280,720,20_,749,283,1009,462
500_61.jpg,1280,720,500,640,145,961,333
20__44.jpg,1280,720,20_,692,188,1035,454
10__109.jpg,1280,720,10_,766,136,921,308
100__84.jpg,1280,720,100_,659,236,853,416
500_49.jpg,1280,720,500,630,136,869,332
10__121.jpg,1280,720,10_,728,252,979,439
20__78.jpg,1280,720,20_,809,378,1155,586
10__135.jpg,1280,720,10_,657,124,849,397
100__90.jpg,1280,720,100_,688,197,847,358
1000_9.jpg,1280,720,1000,332,105,981,385
10_136.jpg,1280,720,10,624,319,794,482
20__93.jpg,1280,720,20_,649,485,951,661
20__87.jpg,1280,720,20_,728,394,1020,687
10_122.jpg,1280,720,10,605,279,744,424
100__47.jpg,1280,720,100_,602,211,986,388
10__17.jpg,1280,720,10_,633,87,944,281
10_26.jpg,1280,720,10,575,156,775,306
10_32.jpg,1280,720,10,647,213,902,371
100__53.jpg,1280,720,100_,734,166,931,490
20_52.jpg,1280,720,20,717,332,1040,443
20_46.jpg,1280,720,20,745,287,1105,432
1000__71.jpg,1280,720,1000_,528,168,739,380
1000__65.jpg,1280,720,1000_,660,260,844,410
20_91.jpg,1280,720,20,738,186,965,396
20_85.jpg,1280,720,20,781,349,961,442
1000__59.jpg,1280,720,1000_,615,155,900,334
200__119.jpg,1280,720,200_,585,471,891,598
200__131.jpg,1280,720,200_,785,308,1088,536
50_12.jpg,1280,720,50,244,147,966,494
10__5.jpg,1280,720,10_,768,65,1083,262
200__125.jpg,1280,720,200_,553,395,896,597
200__124.jpg,1280,720,200_,589,268,1107,581
10__4.jpg,1280,720,10_,775,66,1072,248
50_13.jpg,1280,720,50,196,116,1053,543
200__130.jpg,1280,720,200_,781,358,1062,530
200__118.jpg,1280,720,200_,550,320,1076,577
20_84.jpg,1280,720,20,804,247,1050,425
1000__58.jpg,1280,720,1000_,590,119,884,344
20_90.jpg,1280,720,20,834,205,957,379
1000__64.jpg,1280,720,1000_,657,263,844,409
1000__70.jpg,1280,720,1000_,534,170,750,350
20_47.jpg,1280,720,20,740,289,1113,428
20_53.jpg,1280,720,20,570,406,929,562
100__102.jpg,1280,720,100_,488,188,617,316
10_33.jpg,1280,720,10,702,211,904,364
100__52.jpg,1280,720,100_,727,171,976,493
10__16.jpg,1280,720,10_,659,75,943,274
100__46.jpg,1280,720,100_,615,181,996,359
10_27.jpg,1280,720,10,559,165,817,307
20__86.jpg,1280,720,20_,756,407,1055,704
10_123.jpg,1280,720,10,552,294,736,498
10_137.jpg,1280,720,10,644,353,805,527
1000_8.jpg,1280,720,1000,415,135,989,375
20__92.jpg,1280,720,20_,651,451,951,638
10__134.jpg,1280,720,10_,576,143,809,410
20__79.jpg,1280,720,20_,732,365,1052,560
100__91.jpg,1280,720,100_,672,224,859,378
100__85.jpg,1280,720,100_,563,265,778,455
10__120.jpg,1280,720,10_,824,219,973,377
500_48.jpg,1280,720,500,697,285,1068,450
10__108.jpg,1280,720,10_,721,135,896,323
20__45.jpg,1280,720,20_,791,172,1014,402
500_60.jpg,1280,720,500,796,140,953,346
20__51.jpg,1280,720,20_,746,426,1081,605
500_74.jpg,1280,720,500,669,154,1020,239
200__66.jpg,1280,720,200_,760,382,1088,566
200__72.jpg,1280,720,200_,779,294,1018,694
100_56.jpg,1280,720,100,402,213,709,437
200_147.jpg,1280,720,200,702,404,1021,603
100_42.jpg,1280,720,100,601,117,950,387
1000_12.jpg,1280,720,1000,625,104,947,290
200_153.jpg,1280,720,200,82,35,1228,636
200_11.jpg,1280,720,200,547,235,824,401
50_129.jpg,1280,720,50,742,350,903,473
50__34.jpg,1280,720,50_,781,292,968,449
20__100.jpg,1280,720,20_,699,421,929,542
500__16.jpg,1280,720,500_,522,166,805,383
50__20.jpg,1280,720,50_,619,249,793,418
20__114.jpg,1280,720,20_,639,295,915,555
50_115.jpg,1280,720,50,897,258,1077,413
200__99.jpg,1280,720,200_,824,424,1067,600
100_95.jpg,1280,720,100,679,217,882,406
100_81.jpg,1280,720,100,619,115,800,293
200_39.jpg,1280,720,200,491,230,879,456
50_101.jpg,1280,720,50,893,319,1064,524
20__128.jpg,1280,720,20_,647,401,814,577
